2.398750e-05,2.496720e-05,2.656170e-05,2.170490e-05,1.200000e+00,1.100000e+00,9.313329e-09,2.492374e-07,3.831167e-05,-1.772883e-10,1.070068e-04,2.140137e-10
2.398750e-05,2.496720e-05,2.656170e-05,2.213470e-05,1.200000e+00,1.100000e+00,9.285039e-09,2.492034e-07,3.831171e-05,-1.597248e-10,1.078610e-04,2.157221e-10
2.398750e-05,2.496720e-05,2.656170e-05,2.256450e-05,1.200000e+00,1.100000e+00,9.199068e-09,2.490695e-07,3.831172e-05,5.516982e-11,1.089742e-04,2.179484e-10
2.398750e-05,2.496720e-05,2.656170e-05,2.299430e-05,1.200000e+00,1.100000e+00,8.744860e-09,2.487114e-07,3.831082e-05,1.780547e-09,1.104010e-04,2.208021e-10
2.398750e-05,2.496720e-05,2.656170e-05,2.342410e-05,1.200000e+00,1.100000e+00,7.979274e-09,2.471231e-07,3.830973e-05,5.249596e-09,1.121925e-04,2.243850e-10
2.398750e-05,2.496720e-05,2.602510e-05,2.170490e-05,1.200000e+00,1.100000e+00,1.215595e-08,3.429617e-06,3.512600e-05,-1.694036e-10,1.095724e-04,2.191447e-10
2.398750e-05,2.496720e-05,2.602510e-05,2.213470e-05,1.200000e+00,1.100000e+00,1.210440e-08,3.429424e-06,3.512617e-05,-9.339612e-11,1.105244e-04,2.210488e-10
2.398750e-05,2.496720e-05,2.602510e-05,2.256450e-05,1.200000e+00,1.100000e+00,1.185863e-08,3.429316e-06,3.512578e-05,6.550147e-10,1.117583e-04,2.235165e-10
2.398750e-05,2.496720e-05,2.602510e-05,2.299430e-05,1.200000e+00,1.100000e+00,1.096370e-08,3.428460e-06,3.512423e-05,3.974651e-09,1.133267e-04,2.266535e-10
2.398750e-05,2.496720e-05,2.602510e-05,2.342410e-05,1.200000e+00,1.100000e+00,1.045708e-08,3.427070e-06,3.512349e-05,6.620076e-09,1.152880e-04,2.305761e-10
2.398750e-05,2.496720e-05,2.548850e-05,2.170490e-05,1.200000e+00,1.100000e+00,1.647715e-08,9.434320e-06,2.911546e-05,-1.632544e-10,1.106509e-04,2.213018e-10
2.398750e-05,2.496720e-05,2.548850e-05,2.213470e-05,1.200000e+00,1.100000e+00,1.640279e-08,9.434342e-06,2.911537e-05,-1.598767e-11,1.116619e-04,2.233238e-10
2.398750e-05,2.496720e-05,2.548850e-05,2.256450e-05,1.200000e+00,1.100000e+00,1.592806e-08,9.433775e-06,2.911513e-05,1.272455e-09,1.129672e-04,2.259344e-10
2.398750e-05,2.496720e-05,2.548850e-05,2.299430e-05,1.200000e+00,1.100000e+00,1.481693e-08,9.432704e-06,2.911330e-05,5.290161e-09,1.146189e-04,2.292378e-10
2.398750e-05,2.496720e-05,2.548850e-05,2.342410e-05,1.200000e+00,1.100000e+00,1.427831e-08,9.431457e-06,2.911229e-05,8.047730e-09,1.166817e-04,2.333633e-10
2.398750e-05,2.496720e-05,2.495190e-05,2.170490e-05,1.200000e+00,1.100000e+00,2.326618e-08,1.961293e-05,1.892781e-05,-1.423323e-10,1.118850e-04,2.237699e-10
2.398750e-05,2.496720e-05,2.495190e-05,2.213470e-05,1.200000e+00,1.100000e+00,2.315488e-08,1.961284e-05,1.892770e-05,1.877302e-10,1.129962e-04,2.259923e-10
2.398750e-05,2.496720e-05,2.495190e-05,2.256450e-05,1.200000e+00,1.100000e+00,2.225851e-08,1.961207e-05,1.892699e-05,2.583641e-09,1.144242e-04,2.288483e-10
2.398750e-05,2.496720e-05,2.495190e-05,2.299430e-05,1.200000e+00,1.100000e+00,2.110328e-08,1.961055e-05,1.892553e-05,6.736311e-09,1.162195e-04,2.324391e-10
2.398750e-05,2.496720e-05,2.495190e-05,2.342410e-05,1.200000e+00,1.100000e+00,2.060380e-08,1.960925e-05,1.892417e-05,9.875804e-09,1.184550e-04,2.369100e-10
2.398750e-05,2.496720e-05,2.441530e-05,2.170490e-05,1.200000e+00,1.100000e+00,5.005754e-08,2.993061e-05,8.578344e-06,1.516891e-11,1.144205e-04,2.288410e-10
2.398750e-05,2.496720e-05,2.441530e-05,2.213470e-05,1.200000e+00,1.100000e+00,4.953127e-08,2.992988e-05,8.578026e-06,1.605710e-09,1.157714e-04,2.315428e-10
2.398750e-05,2.496720e-05,2.441530e-05,2.256450e-05,1.200000e+00,1.100000e+00,4.820964e-08,2.992839e-05,8.577048e-06,5.448375e-09,1.174813e-04,2.349626e-10
2.398750e-05,2.496720e-05,2.441530e-05,2.299430e-05,1.200000e+00,1.100000e+00,4.751197e-08,2.992737e-05,8.576099e-06,8.102846e-09,1.196191e-04,2.392381e-10
2.398750e-05,2.496720e-05,2.441530e-05,2.342410e-05,1.200000e+00,1.100000e+00,4.672743e-08,2.992602e-05,8.574335e-06,1.201121e-08,1.222737e-04,2.445474e-10
2.398750e-05,2.546160e-05,2.656170e-05,2.170490e-05,1.200000e+00,1.100000e+00,8.367117e-09,3.471096e-06,3.509452e-05,-1.865149e-10,1.073068e-04,2.146136e-10
2.398750e-05,2.546160e-05,2.656170e-05,2.213470e-05,1.200000e+00,1.100000e+00,8.345050e-09,3.471109e-06,3.509452e-05,-1.788465e-10,1.080256e-04,2.160512e-10
2.398750e-05,2.546160e-05,2.656170e-05,2.256450e-05,1.200000e+00,1.100000e+00,8.301275e-09,3.470808e-06,3.509478e-05,-9.472544e-11,1.089708e-04,2.179415e-10
2.398750e-05,2.546160e-05,2.656170e-05,2.299430e-05,1.200000e+00,1.100000e+00,8.091849e-09,3.470976e-06,3.509406e-05,6.644835e-10,1.101916e-04,2.203832e-10
2.398750e-05,2.546160e-05,2.656170e-05,2.342410e-05,1.200000e+00,1.100000e+00,7.363981e-09,3.469424e-06,3.509315e-05,3.890578e-09,1.117409e-04,2.234818e-10
2.398750e-05,2.546160e-05,2.602510e-05,2.170490e-05,1.200000e+00,1.100000e+00,1.042357e-08,9.189826e-06,2.937226e-05,-1.854697e-10,1.081745e-04,2.163491e-10
2.398750e-05,2.546160e-05,2.602510e-05,2.213470e-05,1.200000e+00,1.100000e+00,1.039584e-08,9.189844e-06,2.937225e-05,-1.709652e-10,1.089380e-04,2.178759e-10
2.398750e-05,2.546160e-05,2.602510e-05,2.256450e-05,1.200000e+00,1.100000e+00,1.032517e-08,9.189802e-06,2.937222e-05,-1.584731e-11,1.099391e-04,2.198783e-10
2.398750e-05,2.546160e-05,2.602510e-05,2.299430e-05,1.200000e+00,1.100000e+00,9.964681e-09,9.189290e-06,2.937183e-05,1.256286e-09,1.112284e-04,2.224568e-10
2.398750e-05,2.546160e-05,2.602510e-05,2.342410e-05,1.200000e+00,1.100000e+00,9.078426e-09,9.187959e-06,2.937010e-05,5.212553e-09,1.128571e-04,2.257141e-10
2.398750e-05,2.546160e-05,2.548850e-05,2.170490e-05,1.200000e+00,1.100000e+00,1.317535e-08,1.870456e-05,1.985288e-05,-1.816248e-10,1.090474e-04,2.180948e-10
2.398750e-05,2.546160e-05,2.548850e-05,2.213470e-05,1.200000e+00,1.100000e+00,1.313738e-08,1.870456e-05,1.985288e-05,-1.497582e-10,1.098850e-04,2.197699e-10
2.398750e-05,2.546160e-05,2.548850e-05,2.256450e-05,1.200000e+00,1.100000e+00,1.299974e-08,1.870447e-05,1.985278e-05,1.838093e-10,1.109781e-04,2.219562e-10
2.398750e-05,2.546160e-05,2.548850e-05,2.299430e-05,1.200000e+00,1.100000e+00,1.231567e-08,1.870365e-05,1.985199e-05,2.499234e-09,1.123782e-04,2.247563e-10
2.398750e-05,2.546160e-05,2.548850e-05,2.342410e-05,1.200000e+00,1.100000e+00,1.140310e-08,1.870201e-05,1.985035e-05,6.719631e-09,1.141376e-04,2.282752e-10
2.398750e-05,2.546160e-05,2.495190e-05,2.170490e-05,1.200000e+00,1.100000e+00,1.687237e-08,2.895681e-05,9.592340e-06,-1.622983e-10,1.107610e-04,2.215220e-10
2.398750e-05,2.546160e-05,2.495190e-05,2.213470e-05,1.200000e+00,1.100000e+00,1.679391e-08,2.895672e-05,9.592356e-06,-2.188294e-12,1.117819e-04,2.235638e-10
2.398750e-05,2.546160e-05,2.495190e-05,2.256450e-05,1.200000e+00,1.100000e+00,1.628567e-08,2.895645e-05,9.591764e-06,1.375125e-09,1.130992e-04,2.261983e-10
2.398750e-05,2.546160e-05,2.495190e-05,2.299430e-05,1.200000e+00,1.100000e+00,1.516732e-08,2.895461e-05,9.590690e-06,5.424408e-09,1.147650e-04,2.295300e-10
2.398750e-05,2.546160e-05,2.495190e-05,2.342410e-05,1.200000e+00,1.100000e+00,1.464179e-08,2.895359e-05,9.589453e-06,8.165712e-09,1.168449e-04,2.336899e-10
2.398750e-05,2.546160e-05,2.441530e-05,2.170490e-05,1.200000e+00,1.100000e+00,2.492513e-08,3.545639e-05,3.079286e-06,-8.414768e-11,1.131099e-04,2.262199e-10
2.398750e-05,2.546160e-05,2.441530e-05,2.213470e-05,1.200000e+00,1.100000e+00,2.453548e-08,3.545584e-05,3.079268e-06,8.577758e-10,1.143904e-04,2.287808e-10
2.398750e-05,2.546160e-05,2.441530e-05,2.256450e-05,1.200000e+00,1.100000e+00,2.338615e-08,3.545443e-05,3.078367e-06,4.337810e-09,1.160174e-04,2.320347e-10
2.398750e-05,2.546160e-05,2.441530e-05,2.299430e-05,1.200000e+00,1.100000e+00,2.275731e-08,3.545369e-05,3.077295e-06,6.813824e-09,1.180540e-04,2.361079e-10
2.398750e-05,2.546160e-05,2.441530e-05,2.342410e-05,1.200000e+00,1.100000e+00,2.223086e-08,3.545284e-05,3.076068e-06,9.413185e-09,1.205862e-04,2.411723e-10
2.398750e-05,2.595600e-05,2.656170e-05,2.170490e-05,1.200000e+00,1.100000e+00,7.288674e-09,8.980119e-06,2.959142e-05,-1.763616e-10,1.064937e-04,2.129873e-10
2.398750e-05,2.595600e-05,2.656170e-05,2.213470e-05,1.200000e+00,1.100000e+00,7.274405e-09,8.980090e-06,2.959147e-05,-1.742851e-10,1.070665e-04,2.141330e-10
2.398750e-05,2.595600e-05,2.656170e-05,2.256450e-05,1.200000e+00,1.100000e+00,7.255362e-09,8.980039e-06,2.959152e-05,-1.565718e-10,1.078251e-04,2.156502e-10
2.398750e-05,2.595600e-05,2.656170e-05,2.299430e-05,1.200000e+00,1.100000e+00,7.197115e-09,8.979930e-06,2.959152e-05,1.525230e-11,1.088168e-04,2.176335e-10
2.398750e-05,2.595600e-05,2.656170e-05,2.342410e-05,1.200000e+00,1.100000e+00,6.896028e-09,8.980042e-06,2.959043e-05,1.299606e-09,1.100905e-04,2.201811e-10
2.398750e-05,2.595600e-05,2.602510e-05,2.170490e-05,1.200000e+00,1.100000e+00,8.932019e-09,1.788045e-05,2.068762e-05,-1.842798e-10,1.071056e-04,2.142113e-10
2.398750e-05,2.595600e-05,2.602510e-05,2.213470e-05,1.200000e+00,1.100000e+00,8.910927e-09,1.788045e-05,2.068764e-05,-1.787389e-10,1.077313e-04,2.154627e-10
2.398750e-05,2.595600e-05,2.602510e-05,2.256450e-05,1.200000e+00,1.100000e+00,8.880748e-09,1.788044e-05,2.068765e-05,-1.430542e-10,1.085582e-04,2.171165e-10
2.398750e-05,2.595600e-05,2.602510e-05,2.299430e-05,1.200000e+00,1.100000e+00,8.768492e-09,1.788032e-05,2.068754e-05,1.971486e-10,1.096345e-04,2.192690e-10
2.398750e-05,2.595600e-05,2.602510e-05,2.342410e-05,1.200000e+00,1.100000e+00,8.248899e-09,1.787960e-05,2.068658e-05,2.416520e-09,1.110108e-04,2.220216e-10
2.398750e-05,2.595600e-05,2.548850e-05,2.170490e-05,1.200000e+00,1.100000e+00,1.064701e-08,2.798467e-05,1.057726e-05,-1.856053e-10,1.081985e-04,2.163969e-10
2.398750e-05,2.595600e-05,2.548850e-05,2.213470e-05,1.200000e+00,1.100000e+00,1.061884e-08,2.798467e-05,1.057728e-05,-1.713004e-10,1.089592e-04,2.179184e-10
2.398750e-05,2.595600e-05,2.548850e-05,2.256450e-05,1.200000e+00,1.100000e+00,1.054826e-08,2.798462e-05,1.057724e-05,-1.868805e-11,1.099571e-04,2.199141e-10
2.398750e-05,2.595600e-05,2.548850e-05,2.299430e-05,1.200000e+00,1.100000e+00,1.018665e-08,2.798431e-05,1.057667e-05,1.239514e-09,1.112422e-04,2.224845e-10
2.398750e-05,2.595600e-05,2.548850e-05,2.342410e-05,1.200000e+00,1.100000e+00,9.282638e-09,2.798252e-05,1.057536e-05,5.255962e-09,1.128662e-04,2.257324e-10
2.398750e-05,2.595600e-05,2.495190e-05,2.170490e-05,1.200000e+00,1.100000e+00,1.268020e-08,3.466548e-05,3.889256e-06,-1.690126e-10,1.097859e-04,2.195717e-10
2.398750e-05,2.595600e-05,2.495190e-05,2.213470e-05,1.200000e+00,1.100000e+00,1.262403e-08,3.466547e-05,3.889241e-06,-7.999196e-11,1.107526e-04,2.215051e-10
2.398750e-05,2.595600e-05,2.495190e-05,2.256450e-05,1.200000e+00,1.100000e+00,1.234045e-08,3.466507e-05,3.889076e-06,7.735899e-10,1.120037e-04,2.240074e-10
2.398750e-05,2.595600e-05,2.495190e-05,2.299430e-05,1.200000e+00,1.100000e+00,1.140520e-08,3.466353e-05,3.888110e-06,4.237360e-09,1.135924e-04,2.271849e-10
2.398750e-05,2.595600e-05,2.495190e-05,2.342410e-05,1.200000e+00,1.100000e+00,1.092101e-08,3.466272e-05,3.886834e-06,6.816467e-09,1.155786e-04,2.311571e-10
2.398750e-05,2.595600e-05,2.441530e-05,2.170490e-05,1.200000e+00,1.100000e+00,1.566898e-08,3.833897e-05,2.085557e-07,-1.588398e-10,1.100904e-04,2.201807e-10
2.398750e-05,2.595600e-05,2.441530e-05,2.213470e-05,1.200000e+00,1.100000e+00,1.555774e-08,3.833897e-05,2.084319e-07,9.841592e-11,1.112445e-04,2.224890e-10
2.398750e-05,2.595600e-05,2.441530e-05,2.256450e-05,1.200000e+00,1.100000e+00,1.489132e-08,3.833814e-05,2.078708e-07,2.166607e-09,1.127252e-04,2.254504e-10
2.398750e-05,2.595600e-05,2.441530e-05,2.299430e-05,1.200000e+00,1.100000e+00,1.395517e-08,3.833683e-05,2.066950e-07,5.604127e-09,1.145849e-04,2.291699e-10
2.398750e-05,2.595600e-05,2.441530e-05,2.342410e-05,1.200000e+00,1.100000e+00,1.357169e-08,3.833606e-05,2.058570e-07,7.600193e-09,1.168993e-04,2.337987e-10
2.398750e-05,2.645040e-05,2.656170e-05,2.170490e-05,1.200000e+00,1.100000e+00,4.587926e-09,1.714054e-05,2.143817e-05,-1.782540e-10,1.058595e-04,2.117190e-10
2.398750e-05,2.645040e-05,2.656170e-05,2.213470e-05,1.200000e+00,1.100000e+00,4.590114e-09,1.714051e-05,2.143820e-05,-1.768588e-10,1.063285e-04,2.126571e-10
2.398750e-05,2.645040e-05,2.656170e-05,2.256450e-05,1.200000e+00,1.100000e+00,4.590616e-09,1.714049e-05,2.143821e-05,-1.713325e-10,1.069492e-04,2.138985e-10
2.398750e-05,2.645040e-05,2.656170e-05,2.299430e-05,1.200000e+00,1.100000e+00,4.580477e-09,1.714044e-05,2.143823e-05,-1.251948e-10,1.077665e-04,2.155330e-10
2.398750e-05,2.645040e-05,2.656170e-05,2.342410e-05,1.200000e+00,1.100000e+00,4.502549e-09,1.714030e-05,2.143806e-05,2.661120e-10,1.088274e-04,2.176549e-10
2.398750e-05,2.645040e-05,2.602510e-05,2.170490e-05,1.200000e+00,1.100000e+00,7.357821e-09,2.702554e-05,1.154630e-05,-1.767945e-10,1.065002e-04,2.130004e-10
2.398750e-05,2.645040e-05,2.602510e-05,2.213470e-05,1.200000e+00,1.100000e+00,7.344573e-09,2.702557e-05,1.154627e-05,-1.747446e-10,1.070634e-04,2.141269e-10
2.398750e-05,2.645040e-05,2.602510e-05,2.256450e-05,1.200000e+00,1.100000e+00,7.326782e-09,2.702562e-05,1.154623e-05,-1.586630e-10,1.078094e-04,2.156189e-10
2.398750e-05,2.645040e-05,2.602510e-05,2.299430e-05,1.200000e+00,1.100000e+00,7.273056e-09,2.702563e-05,1.154612e-05,-3.443489e-12,1.087853e-04,2.175706e-10
2.398750e-05,2.645040e-05,2.602510e-05,2.342410e-05,1.200000e+00,1.100000e+00,6.993986e-09,2.702482e-05,1.154603e-05,1.180139e-09,1.100403e-04,2.200805e-10
2.398750e-05,2.645040e-05,2.548850e-05,2.170490e-05,1.200000e+00,1.100000e+00,8.704522e-09,3.385626e-05,4.709040e-06,-1.791732e-10,1.074729e-04,2.149457e-10
2.398750e-05,2.645040e-05,2.548850e-05,2.213470e-05,1.200000e+00,1.100000e+00,8.681909e-09,3.385657e-05,4.708749e-06,-1.707870e-10,1.081922e-04,2.163844e-10
2.398750e-05,2.645040e-05,2.548850e-05,2.256450e-05,1.200000e+00,1.100000e+00,8.635421e-09,3.385651e-05,4.708767e-06,-8.021149e-11,1.091383e-04,2.182767e-10
2.398750e-05,2.645040e-05,2.548850e-05,2.299430e-05,1.200000e+00,1.100000e+00,8.413121e-09,3.385564e-05,4.709057e-06,7.233947e-10,1.103608e-04,2.207216e-10
2.398750e-05,2.645040e-05,2.548850e-05,2.342410e-05,1.200000e+00,1.100000e+00,7.658730e-09,3.385466e-05,4.707473e-06,4.053755e-09,1.119104e-04,2.238209e-10
2.398750e-05,2.645040e-05,2.495190e-05,2.170490e-05,1.200000e+00,1.100000e+00,9.845340e-09,3.801241e-05,5.470769e-07,-1.761246e-10,1.078354e-04,2.156708e-10
2.398750e-05,2.645040e-05,2.495190e-05,2.213470e-05,1.200000e+00,1.100000e+00,9.812830e-09,3.801247e-05,5.470332e-07,-1.480273e-10,1.087238e-04,2.174475e-10
2.398750e-05,2.645040e-05,2.495190e-05,2.256450e-05,1.200000e+00,1.100000e+00,9.695606e-09,3.801242e-05,5.468759e-07,1.770921e-10,1.098790e-04,2.197580e-10
2.398750e-05,2.645040e-05,2.495190e-05,2.299430e-05,1.200000e+00,1.100000e+00,9.112319e-09,3.801117e-05,5.464646e-07,2.428383e-09,1.113558e-04,2.227116e-10
2.398750e-05,2.645040e-05,2.495190e-05,2.342410e-05,1.200000e+00,1.100000e+00,8.427984e-09,3.801040e-05,5.447721e-07,5.610292e-09,1.132063e-04,2.264126e-10
2.398750e-05,2.645040e-05,2.441530e-05,2.170490e-05,1.200000e+00,1.100000e+00,1.134514e-08,3.853736e-05,1.992954e-08,-1.843423e-10,1.038745e-04,2.077491e-10
2.398750e-05,2.645040e-05,2.441530e-05,2.213470e-05,1.200000e+00,1.100000e+00,1.130427e-08,3.853742e-05,1.987651e-08,-1.585692e-10,1.047900e-04,2.095800e-10
2.398750e-05,2.645040e-05,2.441530e-05,2.256450e-05,1.200000e+00,1.100000e+00,1.117985e-08,3.853739e-05,1.973751e-08,1.434149e-10,1.059784e-04,2.119568e-10
2.398750e-05,2.645040e-05,2.441530e-05,2.299430e-05,1.200000e+00,1.100000e+00,1.050740e-08,3.853661e-05,1.890375e-08,2.441608e-09,1.074953e-04,2.149907e-10
2.398750e-05,2.645040e-05,2.441530e-05,2.342410e-05,1.200000e+00,1.100000e+00,9.661600e-09,3.853512e-05,1.770462e-08,5.991811e-09,1.093949e-04,2.187898e-10
2.398750e-05,2.694480e-05,2.656170e-05,2.170490e-05,1.200000e+00,1.100000e+00,2.541636e-09,2.608691e-05,1.249613e-05,-1.781048e-10,1.054661e-04,2.109322e-10
2.398750e-05,2.694480e-05,2.656170e-05,2.213470e-05,1.200000e+00,1.100000e+00,2.546841e-09,2.608694e-05,1.249609e-05,-1.771657e-10,1.058869e-04,2.117738e-10
2.398750e-05,2.694480e-05,2.656170e-05,2.256450e-05,1.200000e+00,1.100000e+00,2.551084e-09,2.608698e-05,1.249605e-05,-1.738791e-10,1.064419e-04,2.128837e-10
2.398750e-05,2.694480e-05,2.656170e-05,2.299430e-05,1.200000e+00,1.100000e+00,2.550835e-09,2.608697e-05,1.249603e-05,-1.516548e-10,1.071743e-04,2.143485e-10
2.398750e-05,2.694480e-05,2.656170e-05,2.342410e-05,1.200000e+00,1.100000e+00,2.523999e-09,2.608700e-05,1.249585e-05,3.888334e-11,1.081295e-04,2.162590e-10
2.398750e-05,2.694480e-05,2.602510e-05,2.170490e-05,1.200000e+00,1.100000e+00,5.979103e-09,3.303820e-05,5.536307e-06,-1.853259e-10,1.059633e-04,2.119266e-10
2.398750e-05,2.694480e-05,2.602510e-05,2.213470e-05,1.200000e+00,1.100000e+00,5.970151e-09,3.303837e-05,5.536143e-06,-1.835479e-10,1.064961e-04,2.129922e-10
2.398750e-05,2.694480e-05,2.602510e-05,2.256450e-05,1.200000e+00,1.100000e+00,5.958554e-09,3.303844e-05,5.536076e-06,-1.734099e-10,1.072019e-04,2.144037e-10
2.398750e-05,2.694480e-05,2.602510e-05,2.299430e-05,1.200000e+00,1.100000e+00,5.924328e-09,3.303845e-05,5.536006e-06,-7.603845e-11,1.081273e-04,2.162546e-10
2.398750e-05,2.694480e-05,2.602510e-05,2.342410e-05,1.200000e+00,1.100000e+00,5.743456e-09,3.303767e-05,5.536185e-06,7.117449e-10,1.093207e-04,2.186415e-10
2.398750e-05,2.694480e-05,2.548850e-05,2.170490e-05,1.200000e+00,1.100000e+00,7.173149e-09,3.751400e-05,1.054305e-06,-1.907618e-10,1.061625e-04,2.123249e-10
2.398750e-05,2.694480e-05,2.548850e-05,2.213470e-05,1.200000e+00,1.100000e+00,7.154622e-09,3.751404e-05,1.054279e-06,-1.872553e-10,1.068321e-04,2.136642e-10
2.398750e-05,2.694480e-05,2.548850e-05,2.256450e-05,1.200000e+00,1.100000e+00,7.126848e-09,3.751409e-05,1.054231e-06,-1.501043e-10,1.077153e-04,2.154305e-10
2.398750e-05,2.694480e-05,2.548850e-05,2.299430e-05,1.200000e+00,1.100000e+00,7.015371e-09,3.751373e-05,1.054324e-06,2.278388e-10,1.088611e-04,2.177222e-10
2.398750e-05,2.694480e-05,2.548850e-05,2.342410e-05,1.200000e+00,1.100000e+00,6.485273e-09,3.751256e-05,1.053747e-06,2.523618e-09,1.103205e-04,2.206410e-10
2.398750e-05,2.694480e-05,2.495190e-05,2.170490e-05,1.200000e+00,1.100000e+00,7.899729e-09,3.854238e-05,2.388478e-08,-1.885001e-10,1.026934e-04,2.053868e-10
2.398750e-05,2.694480e-05,2.495190e-05,2.213470e-05,1.200000e+00,1.100000e+00,7.878531e-09,3.854244e-05,2.384222e-08,-1.850640e-10,1.034058e-04,2.068115e-10
2.398750e-05,2.694480e-05,2.495190e-05,2.256450e-05,1.200000e+00,1.100000e+00,7.846175e-09,3.854250e-05,2.378319e-08,-1.458632e-10,1.043428e-04,2.086857e-10
2.398750e-05,2.694480e-05,2.495190e-05,2.299430e-05,1.200000e+00,1.100000e+00,7.704653e-09,3.854244e-05,2.356751e-08,2.849648e-10,1.055542e-04,2.111083e-10
2.398750e-05,2.694480e-05,2.495190e-05,2.342410e-05,1.200000e+00,1.100000e+00,7.067355e-09,3.854152e-05,2.252203e-08,2.904826e-09,1.070941e-04,2.141881e-10
2.398750e-05,2.694480e-05,2.441530e-05,2.170490e-05,1.200000e+00,1.100000e+00,8.697975e-09,3.855239e-05,1.309813e-08,-1.876360e-10,9.872011e-05,1.974402e-10
2.398750e-05,2.694480e-05,2.441530e-05,2.213470e-05,1.200000e+00,1.100000e+00,8.676681e-09,3.855244e-05,1.306517e-08,-1.830586e-10,9.943308e-05,1.988662e-10
2.398750e-05,2.694480e-05,2.441530e-05,2.256450e-05,1.200000e+00,1.100000e+00,8.640623e-09,3.855247e-05,1.301751e-08,-1.301026e-10,1.003710e-04,2.007419e-10
2.398750e-05,2.694480e-05,2.441530e-05,2.299430e-05,1.200000e+00,1.100000e+00,8.474832e-09,3.855231e-05,1.282185e-08,3.983123e-10,1.015834e-04,2.031668e-10
2.398750e-05,2.694480e-05,2.441530e-05,2.342410e-05,1.200000e+00,1.100000e+00,7.677317e-09,3.855127e-05,1.179989e-08,3.289906e-09,1.031225e-04,2.062450e-10
2.446250e-05,2.496720e-05,2.656170e-05,2.170490e-05,1.200000e+00,1.100000e+00,1.405086e-08,2.462935e-07,3.830986e-05,-1.807008e-10,1.102795e-04,2.205589e-10
2.446250e-05,2.496720e-05,2.656170e-05,2.213470e-05,1.200000e+00,1.100000e+00,1.401195e-08,2.462970e-07,3.830989e-05,-1.652915e-10,1.111337e-04,2.222674e-10
2.446250e-05,2.496720e-05,2.656170e-05,2.256450e-05,1.200000e+00,1.100000e+00,1.392623e-08,2.463200e-07,3.830976e-05,2.721071e-11,1.122477e-04,2.244954e-10
2.446250e-05,2.496720e-05,2.656170e-05,2.299430e-05,1.200000e+00,1.100000e+00,1.344258e-08,2.458977e-07,3.830907e-05,1.629637e-09,1.136739e-04,2.273478e-10
2.446250e-05,2.496720e-05,2.656170e-05,2.342410e-05,1.200000e+00,1.100000e+00,1.251315e-08,2.444770e-07,3.830803e-05,5.047325e-09,1.154649e-04,2.309298e-10
2.446250e-05,2.496720e-05,2.602510e-05,2.170490e-05,1.200000e+00,1.100000e+00,2.126600e-08,3.423399e-06,3.512304e-05,-1.808868e-10,1.131389e-04,2.262778e-10
2.446250e-05,2.496720e-05,2.602510e-05,2.213470e-05,1.200000e+00,1.100000e+00,2.121366e-08,3.423114e-06,3.512330e-05,-1.100148e-10,1.140904e-04,2.281809e-10
2.446250e-05,2.496720e-05,2.602510e-05,2.256450e-05,1.200000e+00,1.100000e+00,2.091954e-08,3.423180e-06,3.512283e-05,5.942953e-10,1.153242e-04,2.306484e-10
2.446250e-05,2.496720e-05,2.602510e-05,2.299430e-05,1.200000e+00,1.100000e+00,1.990066e-08,3.422387e-06,3.512154e-05,3.712384e-09,1.168926e-04,2.337852e-10
2.446250e-05,2.496720e-05,2.602510e-05,2.342410e-05,1.200000e+00,1.100000e+00,1.924082e-08,3.421009e-06,3.512103e-05,6.300411e-09,1.188542e-04,2.377083e-10
2.446250e-05,2.496720e-05,2.548850e-05,2.170490e-05,1.200000e+00,1.100000e+00,3.713455e-08,9.419824e-06,2.910923e-05,-1.730768e-10,1.143879e-04,2.287758e-10
2.446250e-05,2.496720e-05,2.548850e-05,2.213470e-05,1.200000e+00,1.100000e+00,3.709181e-08,9.419779e-06,2.910919e-05,-3.356733e-11,1.153988e-04,2.307975e-10
2.446250e-05,2.496720e-05,2.548850e-05,2.256450e-05,1.200000e+00,1.100000e+00,3.675690e-08,9.419571e-06,2.910852e-05,1.189267e-09,1.167041e-04,2.334082e-10
2.446250e-05,2.496720e-05,2.548850e-05,2.299430e-05,1.200000e+00,1.100000e+00,3.537075e-08,9.418822e-06,2.910699e-05,4.900827e-09,1.183558e-04,2.367116e-10
2.446250e-05,2.496720e-05,2.548850e-05,2.342410e-05,1.200000e+00,1.100000e+00,3.470161e-08,9.417429e-06,2.910640e-05,7.559347e-09,1.204185e-04,2.408370e-10
2.446250e-05,2.496720e-05,2.495190e-05,2.170490e-05,1.200000e+00,1.100000e+00,1.677068e-07,1.954246e-05,1.885380e-05,-1.534017e-10,1.158933e-04,2.317866e-10
2.446250e-05,2.496720e-05,2.495190e-05,2.213470e-05,1.200000e+00,1.100000e+00,1.676114e-07,1.954235e-05,1.885368e-05,1.880939e-10,1.170037e-04,2.340074e-10
2.446250e-05,2.496720e-05,2.495190e-05,2.256450e-05,1.200000e+00,1.100000e+00,1.668955e-07,1.954152e-05,1.885289e-05,2.520426e-09,1.184292e-04,2.368584e-10
2.446250e-05,2.496720e-05,2.495190e-05,2.299430e-05,1.200000e+00,1.100000e+00,1.656948e-07,1.954031e-05,1.885169e-05,6.173722e-09,1.202225e-04,2.404449e-10
2.446250e-05,2.496720e-05,2.495190e-05,2.342410e-05,1.200000e+00,1.100000e+00,1.648835e-07,1.953929e-05,1.885064e-05,9.047915e-09,1.224579e-04,2.449158e-10
2.446250e-05,2.496720e-05,2.441530e-05,2.170490e-05,1.200000e+00,1.100000e+00,6.377782e-06,2.826623e-05,3.916058e-06,4.076932e-12,1.173389e-04,2.346779e-10
2.446250e-05,2.496720e-05,2.441530e-05,2.213470e-05,1.200000e+00,1.100000e+00,6.377235e-06,2.826589e-05,3.915555e-06,1.412187e-09,1.186335e-04,2.372670e-10
2.446250e-05,2.496720e-05,2.441530e-05,2.256450e-05,1.200000e+00,1.100000e+00,6.376492e-06,2.826407e-05,3.914683e-06,4.869140e-09,1.202754e-04,2.405509e-10
2.446250e-05,2.496720e-05,2.441530e-05,2.299430e-05,1.200000e+00,1.100000e+00,6.375653e-06,2.826325e-05,3.913868e-06,7.339349e-09,1.223320e-04,2.446639e-10
2.446250e-05,2.496720e-05,2.441530e-05,2.342410e-05,1.200000e+00,1.100000e+00,6.374670e-06,2.826202e-05,3.912891e-06,1.061249e-08,1.248893e-04,2.497786e-10
2.446250e-05,2.546160e-05,2.656170e-05,2.170490e-05,1.200000e+00,1.100000e+00,1.177841e-08,3.468828e-06,3.509346e-05,-1.756867e-10,1.101645e-04,2.203290e-10
2.446250e-05,2.546160e-05,2.656170e-05,2.213470e-05,1.200000e+00,1.100000e+00,1.175156e-08,3.468957e-06,3.509336e-05,-1.705027e-10,1.108836e-04,2.217672e-10
2.446250e-05,2.546160e-05,2.656170e-05,2.256450e-05,1.200000e+00,1.100000e+00,1.170328e-08,3.469032e-06,3.509326e-05,-9.656077e-11,1.118288e-04,2.236576e-10
2.446250e-05,2.546160e-05,2.656170e-05,2.299430e-05,1.200000e+00,1.100000e+00,1.148799e-08,3.469161e-06,3.509265e-05,5.942241e-10,1.130494e-04,2.260988e-10
2.446250e-05,2.546160e-05,2.656170e-05,2.342410e-05,1.200000e+00,1.100000e+00,1.065875e-08,3.467631e-06,3.509195e-05,3.675922e-09,1.145991e-04,2.291981e-10
2.446250e-05,2.546160e-05,2.602510e-05,2.170490e-05,1.200000e+00,1.100000e+00,1.585225e-08,9.186530e-06,2.937025e-05,-1.753784e-10,1.111710e-04,2.223420e-10
2.446250e-05,2.546160e-05,2.602510e-05,2.213470e-05,1.200000e+00,1.100000e+00,1.582006e-08,9.186677e-06,2.937012e-05,-1.627193e-10,1.119345e-04,2.238691e-10
2.446250e-05,2.546160e-05,2.602510e-05,2.256450e-05,1.200000e+00,1.100000e+00,1.573654e-08,9.186739e-06,2.937001e-05,-2.486199e-11,1.129358e-04,2.258716e-10
2.446250e-05,2.546160e-05,2.602510e-05,2.299430e-05,1.200000e+00,1.100000e+00,1.531809e-08,9.186561e-06,2.936943e-05,1.140109e-09,1.142232e-04,2.284463e-10
2.446250e-05,2.546160e-05,2.602510e-05,2.342410e-05,1.200000e+00,1.100000e+00,1.428058e-08,9.184137e-06,2.936913e-05,4.919237e-09,1.158529e-04,2.317058e-10
2.446250e-05,2.546160e-05,2.548850e-05,2.170490e-05,1.200000e+00,1.100000e+00,2.216756e-08,1.870000e-05,1.984851e-05,-1.733905e-10,1.122685e-04,2.245369e-10
2.446250e-05,2.546160e-05,2.548850e-05,2.213470e-05,1.200000e+00,1.100000e+00,2.213062e-08,1.870001e-05,1.984851e-05,-1.469055e-10,1.131060e-04,2.262120e-10
2.446250e-05,2.546160e-05,2.548850e-05,2.256450e-05,1.200000e+00,1.100000e+00,2.202722e-08,1.869994e-05,1.984840e-05,1.536208e-10,1.141997e-04,2.283994e-10
2.446250e-05,2.546160e-05,2.548850e-05,2.299430e-05,1.200000e+00,1.100000e+00,2.122511e-08,1.869925e-05,1.984769e-05,2.248270e-09,1.155991e-04,2.311983e-10
2.446250e-05,2.546160e-05,2.548850e-05,2.342410e-05,1.200000e+00,1.100000e+00,2.006987e-08,1.869782e-05,1.984634e-05,6.313455e-09,1.173582e-04,2.347165e-10
2.446250e-05,2.546160e-05,2.495190e-05,2.170490e-05,1.200000e+00,1.100000e+00,4.024306e-08,2.894985e-05,9.575869e-06,-1.719228e-10,1.145266e-04,2.290533e-10
2.446250e-05,2.546160e-05,2.495190e-05,2.213470e-05,1.200000e+00,1.100000e+00,4.019994e-08,2.894979e-05,9.575822e-06,-1.900631e-11,1.155473e-04,2.310946e-10
2.446250e-05,2.546160e-05,2.495190e-05,2.256450e-05,1.200000e+00,1.100000e+00,3.984905e-08,2.894919e-05,9.575471e-06,1.293661e-09,1.168647e-04,2.337293e-10
2.446250e-05,2.546160e-05,2.495190e-05,2.299430e-05,1.200000e+00,1.100000e+00,3.845070e-08,2.894757e-05,9.574814e-06,5.023910e-09,1.185304e-04,2.370608e-10
2.446250e-05,2.546160e-05,2.495190e-05,2.342410e-05,1.200000e+00,1.100000e+00,3.778515e-08,2.894696e-05,9.573468e-06,7.657124e-09,1.206102e-04,2.412203e-10
2.446250e-05,2.546160e-05,2.441530e-05,2.170490e-05,1.200000e+00,1.100000e+00,2.544721e-06,3.464160e-05,1.375043e-06,-8.531621e-11,1.163057e-04,2.326115e-10
2.446250e-05,2.546160e-05,2.441530e-05,2.213470e-05,1.200000e+00,1.100000e+00,2.544357e-06,3.464140e-05,1.374731e-06,7.986808e-10,1.175439e-04,2.350877e-10
2.446250e-05,2.546160e-05,2.441530e-05,2.256450e-05,1.200000e+00,1.100000e+00,2.543619e-06,3.463995e-05,1.373793e-06,3.941599e-09,1.191200e-04,2.382399e-10
2.446250e-05,2.546160e-05,2.441530e-05,2.299430e-05,1.200000e+00,1.100000e+00,2.542788e-06,3.463925e-05,1.373031e-06,6.270045e-09,1.210960e-04,2.421920e-10
2.446250e-05,2.546160e-05,2.441530e-05,2.342410e-05,1.200000e+00,1.100000e+00,2.541748e-06,3.463886e-05,1.372149e-06,8.623925e-09,1.235551e-04,2.471102e-10
2.446250e-05,2.595600e-05,2.656170e-05,2.170490e-05,1.200000e+00,1.100000e+00,1.014646e-08,8.978184e-06,2.959043e-05,-1.868132e-10,1.088835e-04,2.177670e-10
2.446250e-05,2.595600e-05,2.656170e-05,2.213470e-05,1.200000e+00,1.100000e+00,1.012401e-08,8.978125e-06,2.959051e-05,-1.847414e-10,1.094565e-04,2.189130e-10
2.446250e-05,2.595600e-05,2.656170e-05,2.256450e-05,1.200000e+00,1.100000e+00,1.009759e-08,8.978169e-06,2.959048e-05,-1.704739e-10,1.102151e-04,2.204302e-10
2.446250e-05,2.595600e-05,2.656170e-05,2.299430e-05,1.200000e+00,1.100000e+00,1.003474e-08,8.978376e-06,2.959019e-05,-2.550649e-11,1.112055e-04,2.224109e-10
2.446250e-05,2.595600e-05,2.656170e-05,2.342410e-05,1.200000e+00,1.100000e+00,9.709946e-09,8.978513e-06,2.958923e-05,1.130316e-09,1.124791e-04,2.249583e-10
2.446250e-05,2.595600e-05,2.602510e-05,2.170490e-05,1.200000e+00,1.100000e+00,1.276865e-08,1.787850e-05,2.068574e-05,-1.846572e-10,1.096688e-04,2.193377e-10
2.446250e-05,2.595600e-05,2.602510e-05,2.213470e-05,1.200000e+00,1.100000e+00,1.274228e-08,1.787850e-05,2.068576e-05,-1.812001e-10,1.102944e-04,2.205889e-10
2.446250e-05,2.595600e-05,2.602510e-05,2.256450e-05,1.200000e+00,1.100000e+00,1.270695e-08,1.787852e-05,2.068574e-05,-1.512632e-10,1.111216e-04,2.222431e-10
2.446250e-05,2.595600e-05,2.602510e-05,2.299430e-05,1.200000e+00,1.100000e+00,1.258562e-08,1.787838e-05,2.068573e-05,1.461426e-10,1.121977e-04,2.243955e-10
2.446250e-05,2.595600e-05,2.602510e-05,2.342410e-05,1.200000e+00,1.100000e+00,1.200649e-08,1.787774e-05,2.068490e-05,2.193594e-09,1.135717e-04,2.271435e-10
2.446250e-05,2.595600e-05,2.548850e-05,2.170490e-05,1.200000e+00,1.100000e+00,1.629545e-08,2.798253e-05,1.057388e-05,-1.757051e-10,1.111864e-04,2.223728e-10
2.446250e-05,2.595600e-05,2.548850e-05,2.213470e-05,1.200000e+00,1.100000e+00,1.626238e-08,2.798243e-05,1.057400e-05,-1.632402e-10,1.119472e-04,2.238944e-10
2.446250e-05,2.595600e-05,2.548850e-05,2.256450e-05,1.200000e+00,1.100000e+00,1.618085e-08,2.798230e-05,1.057407e-05,-2.779008e-11,1.129451e-04,2.258902e-10
2.446250e-05,2.595600e-05,2.548850e-05,2.299430e-05,1.200000e+00,1.100000e+00,1.575710e-08,2.798164e-05,1.057401e-05,1.122742e-09,1.142296e-04,2.284592e-10
2.446250e-05,2.595600e-05,2.548850e-05,2.342410e-05,1.200000e+00,1.100000e+00,1.469272e-08,2.798131e-05,1.057158e-05,4.952373e-09,1.158535e-04,2.317070e-10
2.446250e-05,2.595600e-05,2.495190e-05,2.170490e-05,1.200000e+00,1.100000e+00,2.303263e-08,3.466230e-05,3.882028e-06,-1.793225e-10,1.133944e-04,2.267887e-10
2.446250e-05,2.595600e-05,2.495190e-05,2.213470e-05,1.200000e+00,1.100000e+00,2.297190e-08,3.466197e-05,3.882342e-06,-9.578351e-11,1.143613e-04,2.287227e-10
2.446250e-05,2.595600e-05,2.495190e-05,2.256450e-05,1.200000e+00,1.100000e+00,2.263679e-08,3.466180e-05,3.882040e-06,7.108644e-10,1.156116e-04,2.312232e-10
2.446250e-05,2.595600e-05,2.495190e-05,2.299430e-05,1.200000e+00,1.100000e+00,2.156773e-08,3.466046e-05,3.881215e-06,3.957985e-09,1.172004e-04,2.344008e-10
2.446250e-05,2.595600e-05,2.495190e-05,2.342410e-05,1.200000e+00,1.100000e+00,2.092942e-08,3.465996e-05,3.879869e-06,6.477673e-09,1.191866e-04,2.383733e-10
2.446250e-05,2.595600e-05,2.441530e-05,2.170490e-05,1.200000e+00,1.100000e+00,3.013341e-07,3.811497e-05,1.471426e-07,-1.594052e-10,1.138361e-04,2.276721e-10
2.446250e-05,2.595600e-05,2.441530e-05,2.213470e-05,1.200000e+00,1.100000e+00,3.013349e-07,3.811475e-05,1.470800e-07,1.225316e-10,1.149779e-04,2.299558e-10
2.446250e-05,2.595600e-05,2.441530e-05,2.256450e-05,1.200000e+00,1.100000e+00,3.007682e-07,3.811394e-05,1.464127e-07,2.180115e-09,1.164415e-04,2.328829e-10
2.446250e-05,2.595600e-05,2.441530e-05,2.299430e-05,1.200000e+00,1.100000e+00,2.997358e-07,3.811293e-05,1.454243e-07,5.247993e-09,1.182808e-04,2.365615e-10
2.446250e-05,2.595600e-05,2.441530e-05,2.342410e-05,1.200000e+00,1.100000e+00,2.989996e-07,3.811236e-05,1.447955e-07,7.161904e-09,1.205720e-04,2.411440e-10
2.446250e-05,2.645040e-05,2.656170e-05,2.170490e-05,1.200000e+00,1.100000e+00,8.745779e-09,1.713827e-05,2.143627e-05,-1.848021e-10,1.078903e-04,2.157806e-10
2.446250e-05,2.645040e-05,2.656170e-05,2.213470e-05,1.200000e+00,1.100000e+00,8.727279e-09,1.713825e-05,2.143631e-05,-1.819524e-10,1.083593e-04,2.167186e-10
2.446250e-05,2.645040e-05,2.656170e-05,2.256450e-05,1.200000e+00,1.100000e+00,8.707955e-09,1.713826e-05,2.143632e-05,-1.782432e-10,1.089800e-04,2.179600e-10
2.446250e-05,2.645040e-05,2.656170e-05,2.299430e-05,1.200000e+00,1.100000e+00,8.680102e-09,1.713825e-05,2.143632e-05,-1.445697e-10,1.097972e-04,2.195945e-10
2.446250e-05,2.645040e-05,2.656170e-05,2.342410e-05,1.200000e+00,1.100000e+00,8.582688e-09,1.713827e-05,2.143609e-05,1.614587e-10,1.108581e-04,2.217161e-10
2.446250e-05,2.645040e-05,2.602510e-05,2.170490e-05,1.200000e+00,1.100000e+00,1.040649e-08,2.702441e-05,1.154431e-05,-1.873852e-10,1.088579e-04,2.177158e-10
2.446250e-05,2.645040e-05,2.602510e-05,2.213470e-05,1.200000e+00,1.100000e+00,1.038409e-08,2.702452e-05,1.154422e-05,-1.854110e-10,1.094211e-04,2.188422e-10
2.446250e-05,2.645040e-05,2.602510e-05,2.256450e-05,1.200000e+00,1.100000e+00,1.035762e-08,2.702448e-05,1.154427e-05,-1.725790e-10,1.101671e-04,2.203343e-10
2.446250e-05,2.645040e-05,2.602510e-05,2.299430e-05,1.200000e+00,1.100000e+00,1.029936e-08,2.702425e-05,1.154444e-05,-4.301749e-11,1.111433e-04,2.222865e-10
2.446250e-05,2.645040e-05,2.602510e-05,2.342410e-05,1.200000e+00,1.100000e+00,1.001153e-08,2.702351e-05,1.154440e-05,1.013435e-09,1.123961e-04,2.247922e-10
2.446250e-05,2.645040e-05,2.548850e-05,2.170490e-05,1.200000e+00,1.100000e+00,1.236835e-08,3.385506e-05,4.706603e-06,-1.771622e-10,1.103325e-04,2.206651e-10
2.446250e-05,2.645040e-05,2.548850e-05,2.213470e-05,1.200000e+00,1.100000e+00,1.234063e-08,3.385494e-05,4.706753e-06,-1.713610e-10,1.110523e-04,2.221045e-10
2.446250e-05,2.645040e-05,2.548850e-05,2.256450e-05,1.200000e+00,1.100000e+00,1.228848e-08,3.385484e-05,4.706831e-06,-9.166277e-11,1.119983e-04,2.239966e-10
2.446250e-05,2.645040e-05,2.548850e-05,2.299430e-05,1.200000e+00,1.100000e+00,1.205734e-08,3.385417e-05,4.706996e-06,6.397380e-10,1.132199e-04,2.264397e-10
2.446250e-05,2.645040e-05,2.548850e-05,2.342410e-05,1.200000e+00,1.100000e+00,1.119197e-08,3.385352e-05,4.705353e-06,3.817440e-09,1.147704e-04,2.295408e-10
2.446250e-05,2.645040e-05,2.495190e-05,2.170490e-05,1.200000e+00,1.100000e+00,1.528228e-08,3.801049e-05,5.435639e-07,-1.781571e-10,1.112110e-04,2.224219e-10
2.446250e-05,2.645040e-05,2.495190e-05,2.213470e-05,1.200000e+00,1.100000e+00,1.524368e-08,3.801049e-05,5.435888e-07,-1.528178e-10,1.120993e-04,2.241987e-10
2.446250e-05,2.645040e-05,2.495190e-05,2.256450e-05,1.200000e+00,1.100000e+00,1.511946e-08,3.801024e-05,5.436550e-07,1.460713e-10,1.132552e-04,2.265103e-10
2.446250e-05,2.645040e-05,2.495190e-05,2.299430e-05,1.200000e+00,1.100000e+00,1.447598e-08,3.800916e-05,5.432790e-07,2.260607e-09,1.147316e-04,2.294632e-10
2.446250e-05,2.645040e-05,2.495190e-05,2.342410e-05,1.200000e+00,1.100000e+00,1.363347e-08,3.800825e-05,5.419262e-07,5.396582e-09,1.165831e-04,2.331662e-10
2.446250e-05,2.645040e-05,2.441530e-05,2.170490e-05,1.200000e+00,1.100000e+00,1.908449e-08,3.853197e-05,1.757615e-08,-1.834779e-10,1.073248e-04,2.146495e-10
2.446250e-05,2.645040e-05,2.441530e-05,2.213470e-05,1.200000e+00,1.100000e+00,1.904273e-08,3.853203e-05,1.753511e-08,-1.640937e-10,1.082398e-04,2.164797e-10
2.446250e-05,2.645040e-05,2.441530e-05,2.256450e-05,1.200000e+00,1.100000e+00,1.892063e-08,3.853202e-05,1.741488e-08,9.606225e-11,1.094285e-04,2.188570e-10
2.446250e-05,2.645040e-05,2.441530e-05,2.299430e-05,1.200000e+00,1.100000e+00,1.820901e-08,3.853133e-05,1.671855e-08,2.210356e-09,1.109453e-04,2.218905e-10
2.446250e-05,2.645040e-05,2.441530e-05,2.342410e-05,1.200000e+00,1.100000e+00,1.711033e-08,3.852993e-05,1.565985e-08,5.782914e-09,1.128428e-04,2.256856e-10
2.446250e-05,2.694480e-05,2.656170e-05,2.170490e-05,1.200000e+00,1.100000e+00,7.235388e-09,2.608506e-05,1.249332e-05,-1.773811e-10,1.073195e-04,2.146391e-10
2.446250e-05,2.694480e-05,2.656170e-05,2.213470e-05,1.200000e+00,1.100000e+00,7.223203e-09,2.608511e-05,1.249329e-05,-1.764243e-10,1.077405e-04,2.154810e-10
2.446250e-05,2.694480e-05,2.656170e-05,2.256450e-05,1.200000e+00,1.100000e+00,7.215701e-09,2.608512e-05,1.249328e-05,-1.741473e-10,1.082954e-04,2.165909e-10
2.446250e-05,2.694480e-05,2.656170e-05,2.299430e-05,1.200000e+00,1.100000e+00,7.198522e-09,2.608513e-05,1.249327e-05,-1.595398e-10,1.090277e-04,2.180553e-10
2.446250e-05,2.694480e-05,2.656170e-05,2.342410e-05,1.200000e+00,1.100000e+00,7.150659e-09,2.608484e-05,1.249347e-05,-2.651901e-11,1.099827e-04,2.199654e-10
2.446250e-05,2.694480e-05,2.602510e-05,2.170490e-05,1.200000e+00,1.100000e+00,8.565009e-09,3.303719e-05,5.534770e-06,-1.805113e-10,1.082168e-04,2.164336e-10
2.446250e-05,2.694480e-05,2.602510e-05,2.213470e-05,1.200000e+00,1.100000e+00,8.544601e-09,3.303722e-05,5.534763e-06,-1.791020e-10,1.087494e-04,2.174989e-10
2.446250e-05,2.694480e-05,2.602510e-05,2.256450e-05,1.200000e+00,1.100000e+00,8.522224e-09,3.303724e-05,5.534759e-06,-1.712520e-10,1.094552e-04,2.189104e-10
2.446250e-05,2.694480e-05,2.602510e-05,2.299430e-05,1.200000e+00,1.100000e+00,8.488266e-09,3.303689e-05,5.535056e-06,-9.251901e-11,1.103805e-04,2.207610e-10
2.446250e-05,2.694480e-05,2.602510e-05,2.342410e-05,1.200000e+00,1.100000e+00,8.283813e-09,3.303642e-05,5.535047e-06,5.945922e-10,1.115739e-04,2.231478e-10
2.446250e-05,2.694480e-05,2.548850e-05,2.170490e-05,1.200000e+00,1.100000e+00,9.671380e-09,3.751305e-05,1.052866e-06,-1.777397e-10,1.088668e-04,2.177336e-10
2.446250e-05,2.694480e-05,2.548850e-05,2.213470e-05,1.200000e+00,1.100000e+00,9.647788e-09,3.751311e-05,1.052833e-06,-1.767104e-10,1.095363e-04,2.190725e-10
2.446250e-05,2.694480e-05,2.548850e-05,2.256450e-05,1.200000e+00,1.100000e+00,9.616389e-09,3.751309e-05,1.052850e-06,-1.453379e-10,1.104194e-04,2.208388e-10
2.446250e-05,2.694480e-05,2.548850e-05,2.299430e-05,1.200000e+00,1.100000e+00,9.509229e-09,3.751262e-05,1.053093e-06,1.880826e-10,1.115649e-04,2.231298e-10
2.446250e-05,2.694480e-05,2.548850e-05,2.342410e-05,1.200000e+00,1.100000e+00,8.940244e-09,3.751202e-05,1.052131e-06,2.345682e-09,1.130245e-04,2.260491e-10
2.446250e-05,2.694480e-05,2.495190e-05,2.170490e-05,1.200000e+00,1.100000e+00,1.115107e-08,3.854075e-05,2.231950e-08,-1.833334e-10,1.055301e-04,2.110601e-10
2.446250e-05,2.694480e-05,2.495190e-05,2.213470e-05,1.200000e+00,1.100000e+00,1.112344e-08,3.854082e-05,2.228179e-08,-1.808732e-10,1.062422e-04,2.124844e-10
2.446250e-05,2.694480e-05,2.495190e-05,2.256450e-05,1.200000e+00,1.100000e+00,1.108810e-08,3.854087e-05,2.223252e-08,-1.523035e-10,1.071791e-04,2.143581e-10
2.446250e-05,2.694480e-05,2.495190e-05,2.299430e-05,1.200000e+00,1.100000e+00,1.096213e-08,3.854082e-05,2.207494e-08,1.927820e-10,1.083908e-04,2.167816e-10
2.446250e-05,2.694480e-05,2.495190e-05,2.342410e-05,1.200000e+00,1.100000e+00,1.028232e-08,3.853997e-05,2.121742e-08,2.586815e-09,1.099308e-04,2.198617e-10
2.446250e-05,2.694480e-05,2.441530e-05,2.170490e-05,1.200000e+00,1.100000e+00,1.268991e-08,3.854946e-05,1.203469e-08,-1.860854e-10,1.015562e-04,2.031124e-10
2.446250e-05,2.694480e-05,2.441530e-05,2.213470e-05,1.200000e+00,1.100000e+00,1.265565e-08,3.854953e-05,1.200202e-08,-1.827997e-10,1.022688e-04,2.045377e-10
2.446250e-05,2.694480e-05,2.441530e-05,2.256450e-05,1.200000e+00,1.100000e+00,1.260672e-08,3.854958e-05,1.195481e-08,-1.438653e-10,1.032062e-04,2.064125e-10
2.446250e-05,2.694480e-05,2.441530e-05,2.299430e-05,1.200000e+00,1.100000e+00,1.243343e-08,3.854952e-05,1.178521e-08,2.691905e-10,1.044178e-04,2.088356e-10
2.446250e-05,2.694480e-05,2.441530e-05,2.342410e-05,1.200000e+00,1.100000e+00,1.159550e-08,3.854858e-05,1.096909e-08,2.884972e-09,1.059579e-04,2.119157e-10
2.493750e-05,2.496720e-05,2.656170e-05,2.170490e-05,1.200000e+00,1.100000e+00,1.358661e-07,2.117616e-07,3.822268e-05,-1.817733e-10,1.141978e-04,2.283957e-10
2.493750e-05,2.496720e-05,2.656170e-05,2.213470e-05,1.200000e+00,1.100000e+00,1.358623e-07,2.117728e-07,3.822265e-05,-1.646383e-10,1.150480e-04,2.300960e-10
2.493750e-05,2.496720e-05,2.656170e-05,2.256450e-05,1.200000e+00,1.100000e+00,1.358456e-07,2.117994e-07,3.822244e-05,4.426737e-11,1.161568e-04,2.323136e-10
2.493750e-05,2.496720e-05,2.656170e-05,2.299430e-05,1.200000e+00,1.100000e+00,1.352823e-07,2.112319e-07,3.822195e-05,1.671848e-09,1.175758e-04,2.351517e-10
2.493750e-05,2.496720e-05,2.656170e-05,2.342410e-05,1.200000e+00,1.100000e+00,1.341773e-07,2.100753e-07,3.822118e-05,4.749981e-09,1.193602e-04,2.387204e-10
2.493750e-05,2.496720e-05,2.602510e-05,2.170490e-05,1.200000e+00,1.100000e+00,1.566633e-06,2.295847e-06,3.470563e-05,-1.824915e-10,1.168872e-04,2.337745e-10
2.493750e-05,2.496720e-05,2.602510e-05,2.213470e-05,1.200000e+00,1.100000e+00,1.566787e-06,2.296075e-06,3.470517e-05,-9.894861e-11,1.178227e-04,2.356455e-10
2.493750e-05,2.496720e-05,2.602510e-05,2.256450e-05,1.200000e+00,1.100000e+00,1.566546e-06,2.295868e-06,3.470486e-05,6.572105e-10,1.190340e-04,2.380679e-10
2.493750e-05,2.496720e-05,2.602510e-05,2.299430e-05,1.200000e+00,1.100000e+00,1.565325e-06,2.294555e-06,3.470453e-05,3.544649e-09,1.205759e-04,2.411519e-10
2.493750e-05,2.496720e-05,2.602510e-05,2.342410e-05,1.200000e+00,1.100000e+00,1.564493e-06,2.293684e-06,3.470399e-05,5.831431e-09,1.225060e-04,2.450119e-10
2.493750e-05,2.496720e-05,2.548850e-05,2.170490e-05,1.200000e+00,1.100000e+00,4.486079e-06,6.047241e-06,2.803356e-05,-1.706351e-10,1.179121e-04,2.358242e-10
2.493750e-05,2.496720e-05,2.548850e-05,2.213470e-05,1.200000e+00,1.100000e+00,4.486048e-06,6.047230e-06,2.803345e-05,-1.414283e-11,1.188941e-04,2.377882e-10
2.493750e-05,2.496720e-05,2.548850e-05,2.256450e-05,1.200000e+00,1.100000e+00,4.485962e-06,6.047146e-06,2.803239e-05,1.221902e-09,1.201638e-04,2.403276e-10
2.493750e-05,2.496720e-05,2.548850e-05,2.299430e-05,1.200000e+00,1.100000e+00,4.484777e-06,6.046017e-06,2.803144e-05,4.503021e-09,1.217721e-04,2.435441e-10
2.493750e-05,2.496720e-05,2.548850e-05,2.342410e-05,1.200000e+00,1.100000e+00,4.483635e-06,6.044808e-06,2.803142e-05,6.882043e-09,1.237842e-04,2.475685e-10
2.493750e-05,2.496720e-05,2.495190e-05,2.170490e-05,1.200000e+00,1.100000e+00,1.187860e-05,1.384059e-05,1.284613e-05,-1.571319e-10,1.184482e-04,2.368964e-10
2.493750e-05,2.496720e-05,2.495190e-05,2.213470e-05,1.200000e+00,1.100000e+00,1.187851e-05,1.384049e-05,1.284604e-05,1.243717e-10,1.194963e-04,2.389927e-10
2.493750e-05,2.496720e-05,2.495190e-05,2.256450e-05,1.200000e+00,1.100000e+00,1.187787e-05,1.383986e-05,1.284541e-05,2.042155e-09,1.208465e-04,2.416930e-10
2.493750e-05,2.496720e-05,2.495190e-05,2.299430e-05,1.200000e+00,1.100000e+00,1.187681e-05,1.383866e-05,1.284428e-05,5.453810e-09,1.225497e-04,2.450994e-10
2.493750e-05,2.496720e-05,2.495190e-05,2.342410e-05,1.200000e+00,1.100000e+00,1.187590e-05,1.383782e-05,1.284340e-05,8.059127e-09,1.246766e-04,2.493533e-10
2.493750e-05,2.496720e-05,2.441530e-05,2.170490e-05,1.200000e+00,1.100000e+00,1.856182e-05,1.989564e-05,1.064105e-07,-1.526886e-10,1.155240e-04,2.310480e-10
2.493750e-05,2.496720e-05,2.441530e-05,2.213470e-05,1.200000e+00,1.100000e+00,1.856167e-05,1.989553e-05,1.063331e-07,1.948729e-10,1.166392e-04,2.332785e-10
2.493750e-05,2.496720e-05,2.441530e-05,2.256450e-05,1.200000e+00,1.100000e+00,1.856090e-05,1.989465e-05,1.056141e-07,2.568430e-09,1.180708e-04,2.361416e-10
2.493750e-05,2.496720e-05,2.441530e-05,2.299430e-05,1.200000e+00,1.100000e+00,1.855969e-05,1.989345e-05,1.043696e-07,6.265975e-09,1.198710e-04,2.397420e-10
2.493750e-05,2.496720e-05,2.441530e-05,2.342410e-05,1.200000e+00,1.100000e+00,1.855860e-05,1.989240e-05,1.035846e-07,9.182508e-09,1.221148e-04,2.442296e-10
2.493750e-05,2.546160e-05,2.656170e-05,2.170490e-05,1.200000e+00,1.100000e+00,2.024203e-08,3.463357e-06,3.509040e-05,-1.867718e-10,1.137416e-04,2.274833e-10
2.493750e-05,2.546160e-05,2.656170e-05,2.213470e-05,1.200000e+00,1.100000e+00,2.021226e-08,3.463642e-06,3.509014e-05,-1.804148e-10,1.144607e-04,2.289215e-10
2.493750e-05,2.546160e-05,2.656170e-05,2.256450e-05,1.200000e+00,1.100000e+00,2.015857e-08,3.463574e-06,3.509019e-05,-1.118762e-10,1.154053e-04,2.308106e-10
2.493750e-05,2.546160e-05,2.656170e-05,2.299430e-05,1.200000e+00,1.100000e+00,1.986105e-08,3.463553e-06,3.508986e-05,5.382423e-10,1.166264e-04,2.332529e-10
2.493750e-05,2.546160e-05,2.656170e-05,2.342410e-05,1.200000e+00,1.100000e+00,1.892092e-08,3.461979e-06,3.508950e-05,3.435718e-09,1.181762e-04,2.363524e-10
2.493750e-05,2.546160e-05,2.602510e-05,2.170490e-05,1.200000e+00,1.100000e+00,3.400031e-08,9.173946e-06,2.936462e-05,-1.847041e-10,1.149125e-04,2.298251e-10
2.493750e-05,2.546160e-05,2.602510e-05,2.213470e-05,1.200000e+00,1.100000e+00,3.396924e-08,9.174049e-06,2.936454e-05,-1.727719e-10,1.156758e-04,2.313516e-10
2.493750e-05,2.546160e-05,2.602510e-05,2.256450e-05,1.200000e+00,1.100000e+00,3.391281e-08,9.174086e-06,2.936443e-05,-4.201559e-11,1.166767e-04,2.333535e-10
2.493750e-05,2.546160e-05,2.602510e-05,2.299430e-05,1.200000e+00,1.100000e+00,3.344763e-08,9.174091e-06,2.936378e-05,1.064890e-09,1.179647e-04,2.359293e-10
2.493750e-05,2.546160e-05,2.602510e-05,2.342410e-05,1.200000e+00,1.100000e+00,3.223626e-08,9.172172e-06,2.936346e-05,4.567819e-09,1.195943e-04,2.391886e-10
2.493750e-05,2.546160e-05,2.548850e-05,2.170490e-05,1.200000e+00,1.100000e+00,1.188337e-07,1.864961e-05,1.980208e-05,-1.833326e-10,1.162672e-04,2.325345e-10
2.493750e-05,2.546160e-05,2.548850e-05,2.213470e-05,1.200000e+00,1.100000e+00,1.188161e-07,1.864961e-05,1.980207e-05,-1.554621e-10,1.171042e-04,2.342084e-10
2.493750e-05,2.546160e-05,2.548850e-05,2.256450e-05,1.200000e+00,1.100000e+00,1.187501e-07,1.864950e-05,1.980195e-05,1.418837e-10,1.181966e-04,2.363932e-10
2.493750e-05,2.546160e-05,2.548850e-05,2.299430e-05,1.200000e+00,1.100000e+00,1.180843e-07,1.864885e-05,1.980122e-05,2.191167e-09,1.195955e-04,2.391910e-10
2.493750e-05,2.546160e-05,2.548850e-05,2.342410e-05,1.200000e+00,1.100000e+00,1.167790e-07,1.864760e-05,1.980022e-05,5.797295e-09,1.213545e-04,2.427089e-10
2.493750e-05,2.546160e-05,2.495190e-05,2.170490e-05,1.200000e+00,1.100000e+00,5.036747e-06,2.771896e-05,5.811028e-06,-1.695168e-10,1.179403e-04,2.358807e-10
2.493750e-05,2.546160e-05,2.495190e-05,2.213470e-05,1.200000e+00,1.100000e+00,5.036716e-06,2.771885e-05,5.811012e-06,-3.375038e-12,1.189284e-04,2.378569e-10
2.493750e-05,2.546160e-05,2.495190e-05,2.256450e-05,1.200000e+00,1.100000e+00,5.036619e-06,2.771776e-05,5.810910e-06,1.290552e-09,1.202055e-04,2.404111e-10
2.493750e-05,2.546160e-05,2.495190e-05,2.299430e-05,1.200000e+00,1.100000e+00,5.035367e-06,2.771695e-05,5.809699e-06,4.585143e-09,1.218226e-04,2.436452e-10
2.493750e-05,2.546160e-05,2.495190e-05,2.342410e-05,1.200000e+00,1.100000e+00,5.034271e-06,2.771679e-05,5.808569e-06,6.965152e-09,1.238453e-04,2.476907e-10
2.493750e-05,2.546160e-05,2.441530e-05,2.170490e-05,1.200000e+00,1.100000e+00,9.360652e-06,2.917055e-05,3.461642e-08,-1.710338e-10,1.141903e-04,2.283805e-10
2.493750e-05,2.546160e-05,2.441530e-05,2.213470e-05,1.200000e+00,1.100000e+00,9.360595e-06,2.917050e-05,3.457281e-08,-1.108373e-11,1.152173e-04,2.304346e-10
2.493750e-05,2.546160e-05,2.441530e-05,2.256450e-05,1.200000e+00,1.100000e+00,9.360273e-06,2.916988e-05,3.416450e-08,1.352040e-09,1.165423e-04,2.330845e-10
2.493750e-05,2.546160e-05,2.441530e-05,2.299430e-05,1.200000e+00,1.100000e+00,9.359533e-06,2.916826e-05,3.280978e-08,5.116752e-09,1.182172e-04,2.364344e-10
2.493750e-05,2.546160e-05,2.441530e-05,2.342410e-05,1.200000e+00,1.100000e+00,9.358189e-06,2.916764e-05,3.214439e-08,7.749141e-09,1.203080e-04,2.406160e-10
2.493750e-05,2.595600e-05,2.656170e-05,2.170490e-05,1.200000e+00,1.100000e+00,1.528074e-08,8.975453e-06,2.958812e-05,-1.780522e-10,1.118896e-04,2.237793e-10
2.493750e-05,2.595600e-05,2.656170e-05,2.213470e-05,1.200000e+00,1.100000e+00,1.524639e-08,8.975479e-06,2.958814e-05,-1.751481e-10,1.124623e-04,2.249247e-10
2.493750e-05,2.595600e-05,2.656170e-05,2.256450e-05,1.200000e+00,1.100000e+00,1.522067e-08,8.975617e-06,2.958802e-05,-1.625669e-10,1.132209e-04,2.264417e-10
2.493750e-05,2.595600e-05,2.656170e-05,2.299430e-05,1.200000e+00,1.100000e+00,1.515428e-08,8.975659e-06,2.958791e-05,-3.258186e-11,1.142120e-04,2.284240e-10
2.493750e-05,2.595600e-05,2.656170e-05,2.342410e-05,1.200000e+00,1.100000e+00,1.475326e-08,8.974938e-06,2.958798e-05,1.026976e-09,1.154857e-04,2.309714e-10
2.493750e-05,2.595600e-05,2.602510e-05,2.170490e-05,1.200000e+00,1.100000e+00,2.120651e-08,1.787412e-05,2.068176e-05,-1.779820e-10,1.128854e-04,2.257708e-10
2.493750e-05,2.595600e-05,2.602510e-05,2.213470e-05,1.200000e+00,1.100000e+00,2.117768e-08,1.787410e-05,2.068181e-05,-1.748011e-10,1.135110e-04,2.270219e-10
2.493750e-05,2.595600e-05,2.602510e-05,2.256450e-05,1.200000e+00,1.100000e+00,2.114275e-08,1.787417e-05,2.068164e-05,-1.478248e-10,1.143391e-04,2.286782e-10
2.493750e-05,2.595600e-05,2.602510e-05,2.299430e-05,1.200000e+00,1.100000e+00,2.098660e-08,1.787416e-05,2.068155e-05,1.128299e-10,1.154150e-04,2.308301e-10
2.493750e-05,2.595600e-05,2.602510e-05,2.342410e-05,1.200000e+00,1.100000e+00,2.029524e-08,1.787342e-05,2.068112e-05,1.970020e-09,1.167885e-04,2.335770e-10
2.493750e-05,2.595600e-05,2.548850e-05,2.170490e-05,1.200000e+00,1.100000e+00,3.482235e-08,2.797649e-05,1.056132e-05,-1.846412e-10,1.149178e-04,2.298356e-10
2.493750e-05,2.595600e-05,2.548850e-05,2.213470e-05,1.200000e+00,1.100000e+00,3.479347e-08,2.797643e-05,1.056140e-05,-1.729949e-10,1.156784e-04,2.313568e-10
2.493750e-05,2.595600e-05,2.548850e-05,2.256450e-05,1.200000e+00,1.100000e+00,3.474118e-08,2.797636e-05,1.056140e-05,-4.542420e-11,1.166759e-04,2.333519e-10
2.493750e-05,2.595600e-05,2.548850e-05,2.299430e-05,1.200000e+00,1.100000e+00,3.429017e-08,2.797565e-05,1.056148e-05,1.042659e-09,1.179601e-04,2.359203e-10
2.493750e-05,2.595600e-05,2.548850e-05,2.342410e-05,1.200000e+00,1.100000e+00,3.305027e-08,2.797531e-05,1.055956e-05,4.589964e-09,1.195848e-04,2.391696e-10
2.493750e-05,2.595600e-05,2.495190e-05,2.170490e-05,1.200000e+00,1.100000e+00,2.015933e-06,3.413678e-05,2.415137e-06,-1.818239e-10,1.170409e-04,2.340819e-10
2.493750e-05,2.595600e-05,2.495190e-05,2.213470e-05,1.200000e+00,1.100000e+00,2.016120e-06,3.413629e-05,2.415359e-06,-8.494265e-11,1.179866e-04,2.359733e-10
2.493750e-05,2.595600e-05,2.495190e-05,2.256450e-05,1.200000e+00,1.100000e+00,2.015899e-06,3.413586e-05,2.415163e-06,7.582208e-10,1.192105e-04,2.384210e-10
2.493750e-05,2.595600e-05,2.495190e-05,2.299430e-05,1.200000e+00,1.100000e+00,2.014724e-06,3.413529e-05,2.413958e-06,3.727781e-09,1.207675e-04,2.415349e-10
2.493750e-05,2.595600e-05,2.495190e-05,2.342410e-05,1.200000e+00,1.100000e+00,2.013818e-06,3.413492e-05,2.413025e-06,5.985682e-09,1.227152e-04,2.454304e-10
2.493750e-05,2.595600e-05,2.441530e-05,2.170490e-05,1.200000e+00,1.100000e+00,3.743101e-06,3.480284e-05,2.126653e-08,-1.802239e-10,1.130583e-04,2.261166e-10
2.493750e-05,2.595600e-05,2.441530e-05,2.213470e-05,1.200000e+00,1.100000e+00,3.743181e-06,3.480274e-05,2.120555e-08,-9.275307e-11,1.140310e-04,2.280621e-10
2.493750e-05,2.595600e-05,2.441530e-05,2.256450e-05,1.200000e+00,1.100000e+00,3.742858e-06,3.480256e-05,2.086435e-08,7.476781e-10,1.152886e-04,2.305772e-10
2.493750e-05,2.595600e-05,2.441530e-05,2.299430e-05,1.200000e+00,1.100000e+00,3.742021e-06,3.480118e-05,1.979692e-08,4.044626e-09,1.168861e-04,2.337722e-10
2.493750e-05,2.595600e-05,2.441530e-05,2.342410e-05,1.200000e+00,1.100000e+00,3.740665e-06,3.480069e-05,1.918200e-08,6.541065e-09,1.188828e-04,2.377656e-10
2.493750e-05,2.645040e-05,2.656170e-05,2.170490e-05,1.200000e+00,1.100000e+00,1.239474e-08,1.713643e-05,2.143445e-05,-1.869819e-10,1.104569e-04,2.209138e-10
2.493750e-05,2.645040e-05,2.656170e-05,2.213470e-05,1.200000e+00,1.100000e+00,1.237368e-08,1.713644e-05,2.143446e-05,-1.860696e-10,1.109257e-04,2.218514e-10
2.493750e-05,2.645040e-05,2.656170e-05,2.256450e-05,1.200000e+00,1.100000e+00,1.234783e-08,1.713647e-05,2.143446e-05,-1.826904e-10,1.115463e-04,2.230925e-10
2.493750e-05,2.645040e-05,2.656170e-05,2.299430e-05,1.200000e+00,1.100000e+00,1.231436e-08,1.713649e-05,2.143444e-05,-1.540321e-10,1.123634e-04,2.247267e-10
2.493750e-05,2.645040e-05,2.656170e-05,2.342410e-05,1.200000e+00,1.100000e+00,1.217802e-08,1.713645e-05,2.143435e-05,1.163766e-10,1.134243e-04,2.268486e-10
2.493750e-05,2.645040e-05,2.602510e-05,2.170490e-05,1.200000e+00,1.100000e+00,1.574935e-08,2.702210e-05,1.154139e-05,-1.768383e-10,1.118243e-04,2.236487e-10
2.493750e-05,2.645040e-05,2.602510e-05,2.213470e-05,1.200000e+00,1.100000e+00,1.572209e-08,2.702206e-05,1.154145e-05,-1.752903e-10,1.123875e-04,2.247749e-10
2.493750e-05,2.645040e-05,2.602510e-05,2.256450e-05,1.200000e+00,1.100000e+00,1.568940e-08,2.702195e-05,1.154158e-05,-1.639153e-10,1.131334e-04,2.262669e-10
2.493750e-05,2.645040e-05,2.602510e-05,2.299430e-05,1.200000e+00,1.100000e+00,1.562531e-08,2.702178e-05,1.154170e-05,-4.832520e-11,1.141089e-04,2.282177e-10
2.493750e-05,2.645040e-05,2.602510e-05,2.342410e-05,1.200000e+00,1.100000e+00,1.525168e-08,2.702172e-05,1.154117e-05,9.162423e-10,1.153633e-04,2.307266e-10
2.493750e-05,2.645040e-05,2.548850e-05,2.170490e-05,1.200000e+00,1.100000e+00,2.165309e-08,3.385186e-05,4.700497e-06,-1.828024e-10,1.139118e-04,2.278235e-10
2.493750e-05,2.645040e-05,2.548850e-05,2.213470e-05,1.200000e+00,1.100000e+00,2.162391e-08,3.385178e-05,4.700602e-06,-1.760951e-10,1.146311e-04,2.292622e-10
2.493750e-05,2.645040e-05,2.548850e-05,2.256450e-05,1.200000e+00,1.100000e+00,2.156384e-08,3.385163e-05,4.700742e-06,-1.022819e-10,1.155769e-04,2.311537e-10
2.493750e-05,2.645040e-05,2.548850e-05,2.299430e-05,1.200000e+00,1.100000e+00,2.125191e-08,3.385124e-05,4.700759e-06,5.844462e-10,1.167989e-04,2.335978e-10
2.493750e-05,2.645040e-05,2.548850e-05,2.342410e-05,1.200000e+00,1.100000e+00,2.028405e-08,3.385084e-05,4.699166e-06,3.566147e-09,1.183497e-04,2.366995e-10
2.493750e-05,2.645040e-05,2.495190e-05,2.170490e-05,1.200000e+00,1.100000e+00,3.313185e-07,3.782645e-05,4.117732e-07,-1.824364e-10,1.150667e-04,2.301333e-10
2.493750e-05,2.645040e-05,2.495190e-05,2.213470e-05,1.200000e+00,1.100000e+00,3.313139e-07,3.782642e-05,4.117776e-07,-1.517745e-10,1.159461e-04,2.318922e-10
2.493750e-05,2.645040e-05,2.495190e-05,2.256450e-05,1.200000e+00,1.100000e+00,3.313882e-07,3.782590e-05,4.119027e-07,1.734403e-10,1.170909e-04,2.341819e-10
2.493750e-05,2.645040e-05,2.495190e-05,2.299430e-05,1.200000e+00,1.100000e+00,3.304175e-07,3.782583e-05,4.108669e-07,2.268145e-09,1.185522e-04,2.371045e-10
2.493750e-05,2.645040e-05,2.495190e-05,2.342410e-05,1.200000e+00,1.100000e+00,3.295310e-07,3.782486e-05,4.099867e-07,5.046444e-09,1.203878e-04,2.407757e-10
2.493750e-05,2.645040e-05,2.441530e-05,2.170490e-05,1.200000e+00,1.100000e+00,4.819843e-07,3.807275e-05,1.456334e-08,-1.722291e-10,1.108068e-04,2.216135e-10
2.493750e-05,2.645040e-05,2.441530e-05,2.213470e-05,1.200000e+00,1.100000e+00,4.820000e-07,3.807275e-05,1.452497e-08,-1.465966e-10,1.116982e-04,2.233965e-10
2.493750e-05,2.645040e-05,2.441530e-05,2.256450e-05,1.200000e+00,1.100000e+00,4.820182e-07,3.807256e-05,1.439952e-08,1.573285e-10,1.128579e-04,2.257157e-10
2.493750e-05,2.645040e-05,2.441530e-05,2.299430e-05,1.200000e+00,1.100000e+00,4.816326e-07,3.807145e-05,1.375376e-08,2.304395e-09,1.143391e-04,2.286781e-10
2.493750e-05,2.645040e-05,2.441530e-05,2.342410e-05,1.200000e+00,1.100000e+00,4.800557e-07,3.807073e-05,1.292862e-08,5.449598e-09,1.161947e-04,2.323894e-10
2.493750e-05,2.694480e-05,2.656170e-05,2.170490e-05,1.200000e+00,1.100000e+00,1.018388e-08,2.608370e-05,1.249166e-05,-1.878454e-10,1.096675e-04,2.193350e-10
2.493750e-05,2.694480e-05,2.656170e-05,2.213470e-05,1.200000e+00,1.100000e+00,1.016264e-08,2.608374e-05,1.249164e-05,-1.870998e-10,1.100881e-04,2.201761e-10
2.493750e-05,2.694480e-05,2.656170e-05,2.256450e-05,1.200000e+00,1.100000e+00,1.014039e-08,2.608372e-05,1.249168e-05,-1.852946e-10,1.106432e-04,2.212864e-10
2.493750e-05,2.694480e-05,2.656170e-05,2.299430e-05,1.200000e+00,1.100000e+00,1.011364e-08,2.608367e-05,1.249174e-05,-1.752902e-10,1.113753e-04,2.227507e-10
2.493750e-05,2.694480e-05,2.656170e-05,2.342410e-05,1.200000e+00,1.100000e+00,1.006131e-08,2.608339e-05,1.249196e-05,-6.183467e-11,1.123302e-04,2.246604e-10
2.493750e-05,2.694480e-05,2.602510e-05,2.170490e-05,1.200000e+00,1.100000e+00,1.208088e-08,3.303612e-05,5.532386e-06,-1.743442e-10,1.110585e-04,2.221170e-10
2.493750e-05,2.694480e-05,2.602510e-05,2.213470e-05,1.200000e+00,1.100000e+00,1.205562e-08,3.303602e-05,5.532510e-06,-1.731927e-10,1.115912e-04,2.231824e-10
2.493750e-05,2.694480e-05,2.602510e-05,2.256450e-05,1.200000e+00,1.100000e+00,1.202798e-08,3.303595e-05,5.532604e-06,-1.663544e-10,1.122969e-04,2.245938e-10
2.493750e-05,2.694480e-05,2.602510e-05,2.299430e-05,1.200000e+00,1.100000e+00,1.198205e-08,3.303567e-05,5.532861e-06,-9.569714e-11,1.132221e-04,2.264442e-10
2.493750e-05,2.694480e-05,2.602510e-05,2.342410e-05,1.200000e+00,1.100000e+00,1.176861e-08,3.303553e-05,5.532598e-06,5.286461e-10,1.144152e-04,2.288305e-10
2.493750e-05,2.694480e-05,2.548850e-05,2.170490e-05,1.200000e+00,1.100000e+00,1.488798e-08,3.751088e-05,1.049779e-06,-1.865952e-10,1.122575e-04,2.245150e-10
2.493750e-05,2.694480e-05,2.548850e-05,2.213470e-05,1.200000e+00,1.100000e+00,1.485773e-08,3.751088e-05,1.049809e-06,-1.838371e-10,1.129271e-04,2.258541e-10
2.493750e-05,2.694480e-05,2.548850e-05,2.256450e-05,1.200000e+00,1.100000e+00,1.482030e-08,3.751086e-05,1.049834e-06,-1.546728e-10,1.138101e-04,2.276201e-10
2.493750e-05,2.694480e-05,2.548850e-05,2.299430e-05,1.200000e+00,1.100000e+00,1.469285e-08,3.751072e-05,1.049798e-06,1.557052e-10,1.149556e-04,2.299113e-10
2.493750e-05,2.694480e-05,2.548850e-05,2.342410e-05,1.200000e+00,1.100000e+00,1.405999e-08,3.751052e-05,1.048676e-06,2.177264e-09,1.164151e-04,2.328302e-10
2.493750e-05,2.694480e-05,2.495190e-05,2.170490e-05,1.200000e+00,1.100000e+00,1.905818e-08,3.853557e-05,1.964112e-08,-1.802622e-10,1.090774e-04,2.181547e-10
2.493750e-05,2.694480e-05,2.495190e-05,2.213470e-05,1.200000e+00,1.100000e+00,1.902701e-08,3.853563e-05,1.961020e-08,-1.780568e-10,1.097894e-04,2.195787e-10
2.493750e-05,2.694480e-05,2.495190e-05,2.256450e-05,1.200000e+00,1.100000e+00,1.898648e-08,3.853569e-05,1.956964e-08,-1.527942e-10,1.107262e-04,2.214524e-10
2.493750e-05,2.694480e-05,2.495190e-05,2.299430e-05,1.200000e+00,1.100000e+00,1.885465e-08,3.853563e-05,1.943683e-08,1.598229e-10,1.119376e-04,2.238752e-10
2.493750e-05,2.694480e-05,2.495190e-05,2.342410e-05,1.200000e+00,1.100000e+00,1.812405e-08,3.853485e-05,1.870187e-08,2.413596e-09,1.134765e-04,2.269530e-10
2.493750e-05,2.694480e-05,2.441530e-05,2.170490e-05,1.200000e+00,1.100000e+00,2.198307e-08,3.854148e-05,1.075399e-08,-1.835387e-10,1.050988e-04,2.101976e-10
2.493750e-05,2.694480e-05,2.441530e-05,2.213470e-05,1.200000e+00,1.100000e+00,2.194456e-08,3.854155e-05,1.072700e-08,-1.809910e-10,1.058110e-04,2.116219e-10
2.493750e-05,2.694480e-05,2.441530e-05,2.256450e-05,1.200000e+00,1.100000e+00,2.189423e-08,3.854160e-05,1.069203e-08,-1.516165e-10,1.067478e-04,2.134956e-10
2.493750e-05,2.694480e-05,2.441530e-05,2.299430e-05,1.200000e+00,1.100000e+00,2.173364e-08,3.854155e-05,1.056388e-08,2.003179e-10,1.079596e-04,2.159191e-10
2.493750e-05,2.694480e-05,2.441530e-05,2.342410e-05,1.200000e+00,1.100000e+00,2.086081e-08,3.854069e-05,9.885012e-09,2.616642e-09,1.094996e-04,2.189992e-10
2.541250e-05,2.496720e-05,2.656170e-05,2.170490e-05,1.200000e+00,1.100000e+00,3.026673e-06,2.290424e-08,3.552397e-05,-1.826344e-10,1.141739e-04,2.283479e-10
2.541250e-05,2.496720e-05,2.656170e-05,2.213470e-05,1.200000e+00,1.100000e+00,3.026574e-06,2.287628e-08,3.552409e-05,-1.773112e-10,1.149079e-04,2.298158e-10
2.541250e-05,2.496720e-05,2.656170e-05,2.256450e-05,1.200000e+00,1.100000e+00,3.026705e-06,2.281968e-08,3.552394e-05,-9.687718e-11,1.158725e-04,2.317451e-10
2.541250e-05,2.496720e-05,2.656170e-05,2.299430e-05,1.200000e+00,1.100000e+00,3.026625e-06,2.249064e-08,3.552360e-05,6.496922e-10,1.171176e-04,2.342352e-10
2.541250e-05,2.496720e-05,2.656170e-05,2.342410e-05,1.200000e+00,1.100000e+00,3.025048e-06,2.150662e-08,3.552318e-05,3.649712e-09,1.186959e-04,2.373918e-10
2.541250e-05,2.496720e-05,2.602510e-05,2.170490e-05,1.200000e+00,1.100000e+00,8.477930e-06,4.592372e-08,3.004822e-05,-1.830603e-10,1.154242e-04,2.308485e-10
2.541250e-05,2.496720e-05,2.602510e-05,2.213470e-05,1.200000e+00,1.100000e+00,8.478103e-06,4.589405e-08,3.004807e-05,-1.700470e-10,1.162045e-04,2.324090e-10
2.541250e-05,2.496720e-05,2.602510e-05,2.256450e-05,1.200000e+00,1.100000e+00,8.478117e-06,4.583268e-08,3.004796e-05,-1.033518e-11,1.172267e-04,2.344533e-10
2.541250e-05,2.496720e-05,2.602510e-05,2.299430e-05,1.200000e+00,1.100000e+00,8.478137e-06,4.526137e-08,3.004723e-05,1.276743e-09,1.185410e-04,2.370819e-10
2.541250e-05,2.496720e-05,2.602510e-05,2.342410e-05,1.200000e+00,1.100000e+00,8.476071e-06,4.410683e-08,3.004702e-05,4.755835e-09,1.202004e-04,2.404007e-10
2.541250e-05,2.496720e-05,2.548850e-05,2.170490e-05,1.200000e+00,1.100000e+00,1.753585e-05,2.327358e-07,2.080160e-05,-1.835219e-10,1.167343e-04,2.334687e-10
2.541250e-05,2.496720e-05,2.548850e-05,2.213470e-05,1.200000e+00,1.100000e+00,1.753586e-05,2.327118e-07,2.080158e-05,-1.503887e-10,1.175833e-04,2.351667e-10
2.541250e-05,2.496720e-05,2.548850e-05,2.256450e-05,1.200000e+00,1.100000e+00,1.753573e-05,2.326284e-07,2.080145e-05,1.940563e-10,1.186906e-04,2.373811e-10
2.541250e-05,2.496720e-05,2.548850e-05,2.299430e-05,1.200000e+00,1.100000e+00,1.753509e-05,2.319061e-07,2.080060e-05,2.427901e-09,1.201071e-04,2.402142e-10
2.541250e-05,2.496720e-05,2.548850e-05,2.342410e-05,1.200000e+00,1.100000e+00,1.753367e-05,2.306104e-07,2.079988e-05,5.890861e-09,1.218872e-04,2.437744e-10
2.541250e-05,2.496720e-05,2.495190e-05,2.170490e-05,1.200000e+00,1.100000e+00,2.654241e-05,6.449162e-06,5.575217e-06,-1.698652e-10,1.180512e-04,2.361024e-10
2.541250e-05,2.496720e-05,2.495190e-05,2.213470e-05,1.200000e+00,1.100000e+00,2.654227e-05,6.449155e-06,5.575196e-06,-5.191089e-12,1.190370e-04,2.380739e-10
2.541250e-05,2.496720e-05,2.495190e-05,2.256450e-05,1.200000e+00,1.100000e+00,2.654128e-05,6.449007e-06,5.575057e-06,1.280286e-09,1.203113e-04,2.406226e-10
2.541250e-05,2.496720e-05,2.495190e-05,2.299430e-05,1.200000e+00,1.100000e+00,2.654028e-05,6.447880e-06,5.573887e-06,4.600615e-09,1.219250e-04,2.438500e-10
2.541250e-05,2.496720e-05,2.495190e-05,2.342410e-05,1.200000e+00,1.100000e+00,2.654020e-05,6.446695e-06,5.572730e-06,7.016633e-09,1.239435e-04,2.478871e-10
2.541250e-05,2.496720e-05,2.441530e-05,2.170490e-05,1.200000e+00,1.100000e+00,2.796456e-05,1.056687e-05,3.454799e-08,-1.719267e-10,1.141415e-04,2.282830e-10
2.541250e-05,2.496720e-05,2.441530e-05,2.213470e-05,1.200000e+00,1.100000e+00,2.796454e-05,1.056678e-05,3.450457e-08,-2.071876e-11,1.151617e-04,2.303234e-10
2.541250e-05,2.496720e-05,2.441530e-05,2.256450e-05,1.200000e+00,1.100000e+00,2.796396e-05,1.056642e-05,3.415181e-08,1.288507e-09,1.164784e-04,2.329568e-10
2.541250e-05,2.496720e-05,2.441530e-05,2.299430e-05,1.200000e+00,1.100000e+00,2.796228e-05,1.056570e-05,3.277897e-08,5.100679e-09,1.181437e-04,2.362874e-10
2.541250e-05,2.496720e-05,2.441530e-05,2.342410e-05,1.200000e+00,1.100000e+00,2.796164e-05,1.056434e-05,3.207145e-08,7.815015e-09,1.202224e-04,2.404447e-10
2.541250e-05,2.546160e-05,2.656170e-05,2.170490e-05,1.200000e+00,1.100000e+00,1.329782e-06,2.491239e-06,3.475331e-05,-1.875997e-10,1.176105e-04,2.352211e-10
2.541250e-05,2.546160e-05,2.656170e-05,2.213470e-05,1.200000e+00,1.100000e+00,1.329801e-06,2.491275e-06,3.475325e-05,-1.816709e-10,1.183177e-04,2.366354e-10
2.541250e-05,2.546160e-05,2.656170e-05,2.256450e-05,1.200000e+00,1.100000e+00,1.329832e-06,2.491363e-06,3.475305e-05,-9.891901e-11,1.192481e-04,2.384962e-10
2.541250e-05,2.546160e-05,2.656170e-05,2.299430e-05,1.200000e+00,1.100000e+00,1.329575e-06,2.491171e-06,3.475279e-05,6.145056e-10,1.204512e-04,2.409023e-10
2.541250e-05,2.546160e-05,2.656170e-05,2.342410e-05,1.200000e+00,1.100000e+00,1.328517e-06,2.489934e-06,3.475240e-05,3.335533e-09,1.219789e-04,2.439577e-10
2.541250e-05,2.546160e-05,2.602510e-05,2.170490e-05,1.200000e+00,1.100000e+00,3.816138e-06,6.267052e-06,2.848996e-05,-1.834970e-10,1.185947e-04,2.371893e-10
2.541250e-05,2.546160e-05,2.602510e-05,2.213470e-05,1.200000e+00,1.100000e+00,3.816189e-06,6.267111e-06,2.848984e-05,-1.697202e-10,1.193380e-04,2.386760e-10
2.541250e-05,2.546160e-05,2.602510e-05,2.256450e-05,1.200000e+00,1.100000e+00,3.816378e-06,6.267369e-06,2.848924e-05,-1.782935e-11,1.203140e-04,2.406280e-10
2.541250e-05,2.546160e-05,2.602510e-05,2.299430e-05,1.200000e+00,1.100000e+00,3.815943e-06,6.266989e-06,2.848891e-05,1.134317e-09,1.215718e-04,2.431435e-10
2.541250e-05,2.546160e-05,2.602510e-05,2.342410e-05,1.200000e+00,1.100000e+00,3.814778e-06,6.265720e-06,2.848826e-05,4.247400e-09,1.231648e-04,2.463297e-10
2.541250e-05,2.546160e-05,2.548850e-05,2.170490e-05,1.200000e+00,1.100000e+00,1.016443e-05,1.339290e-05,1.501441e-05,-1.834624e-10,1.191486e-04,2.382971e-10
2.541250e-05,2.546160e-05,2.548850e-05,2.213470e-05,1.200000e+00,1.100000e+00,1.016439e-05,1.339291e-05,1.501442e-05,-1.568955e-10,1.199406e-04,2.398812e-10
2.541250e-05,2.546160e-05,2.548850e-05,2.256450e-05,1.200000e+00,1.100000e+00,1.016433e-05,1.339283e-05,1.501430e-05,1.066165e-10,1.209772e-04,2.419544e-10
2.541250e-05,2.546160e-05,2.548850e-05,2.299430e-05,1.200000e+00,1.100000e+00,1.016391e-05,1.339223e-05,1.501357e-05,1.855760e-09,1.223084e-04,2.446168e-10
2.541250e-05,2.546160e-05,2.548850e-05,2.342410e-05,1.200000e+00,1.100000e+00,1.016256e-05,1.339118e-05,1.501270e-05,5.149303e-09,1.239873e-04,2.479746e-10
2.541250e-05,2.546160e-05,2.495190e-05,2.170490e-05,1.200000e+00,1.100000e+00,1.811536e-05,2.023219e-05,2.224947e-07,-1.832246e-10,1.166864e-04,2.333728e-10
2.541250e-05,2.546160e-05,2.495190e-05,2.213470e-05,1.200000e+00,1.100000e+00,1.811536e-05,2.023217e-05,2.224717e-07,-1.482689e-10,1.175412e-04,2.350824e-10
2.541250e-05,2.546160e-05,2.495190e-05,2.256450e-05,1.200000e+00,1.100000e+00,1.811523e-05,2.023203e-05,2.223852e-07,2.145951e-10,1.186555e-04,2.373111e-10
2.541250e-05,2.546160e-05,2.495190e-05,2.299430e-05,1.200000e+00,1.100000e+00,1.811453e-05,2.023120e-05,2.216164e-07,2.524371e-09,1.200806e-04,2.401613e-10
2.541250e-05,2.546160e-05,2.495190e-05,2.342410e-05,1.200000e+00,1.100000e+00,1.811323e-05,2.023035e-05,2.203544e-07,5.969616e-09,1.218708e-04,2.437416e-10
2.541250e-05,2.546160e-05,2.441530e-05,2.170490e-05,1.200000e+00,1.100000e+00,1.822359e-05,2.032460e-05,2.188052e-08,-1.719174e-10,1.121429e-04,2.242858e-10
2.541250e-05,2.546160e-05,2.441530e-05,2.213470e-05,1.200000e+00,1.100000e+00,1.822360e-05,2.032460e-05,2.184131e-08,-1.407708e-10,1.129988e-04,2.259976e-10
2.541250e-05,2.546160e-05,2.441530e-05,2.256450e-05,1.200000e+00,1.100000e+00,1.822353e-05,2.032445e-05,2.172040e-08,2.085749e-10,1.141152e-04,2.282303e-10
2.541250e-05,2.546160e-05,2.441530e-05,2.299430e-05,1.200000e+00,1.100000e+00,1.822282e-05,2.032369e-05,2.082399e-08,2.587559e-09,1.155421e-04,2.310842e-10
2.541250e-05,2.546160e-05,2.441530e-05,2.342410e-05,1.200000e+00,1.100000e+00,1.822131e-05,2.032232e-05,1.973403e-08,6.570158e-09,1.173333e-04,2.346665e-10
2.541250e-05,2.595600e-05,2.656170e-05,2.170490e-05,1.200000e+00,1.100000e+00,3.131707e-08,8.964231e-06,2.958326e-05,-1.842898e-10,1.156370e-04,2.312740e-10
2.541250e-05,2.595600e-05,2.656170e-05,2.213470e-05,1.200000e+00,1.100000e+00,3.126132e-08,8.964452e-06,2.958309e-05,-1.845445e-10,1.162100e-04,2.324199e-10
2.541250e-05,2.595600e-05,2.656170e-05,2.256450e-05,1.200000e+00,1.100000e+00,3.122198e-08,8.964549e-06,2.958303e-05,-1.727291e-10,1.169683e-04,2.339367e-10
2.541250e-05,2.595600e-05,2.656170e-05,2.299430e-05,1.200000e+00,1.100000e+00,3.113492e-08,8.964548e-06,2.958299e-05,-4.944415e-11,1.179591e-04,2.359182e-10
2.541250e-05,2.595600e-05,2.656170e-05,2.342410e-05,1.200000e+00,1.100000e+00,3.080417e-08,8.963916e-06,2.958295e-05,9.584953e-10,1.192325e-04,2.384650e-10
2.541250e-05,2.595600e-05,2.602510e-05,2.170490e-05,1.200000e+00,1.100000e+00,8.940680e-08,1.783661e-05,2.065089e-05,-1.843705e-10,1.168754e-04,2.337508e-10
2.541250e-05,2.595600e-05,2.602510e-05,2.213470e-05,1.200000e+00,1.100000e+00,8.933618e-08,1.783665e-05,2.065092e-05,-1.813238e-10,1.175008e-04,2.350015e-10
2.541250e-05,2.595600e-05,2.602510e-05,2.256450e-05,1.200000e+00,1.100000e+00,8.931766e-08,1.783669e-05,2.065089e-05,-1.570416e-10,1.183271e-04,2.366543e-10
2.541250e-05,2.595600e-05,2.602510e-05,2.299430e-05,1.200000e+00,1.100000e+00,8.926338e-08,1.783663e-05,2.065074e-05,1.074932e-10,1.194024e-04,2.388049e-10
2.541250e-05,2.595600e-05,2.602510e-05,2.342410e-05,1.200000e+00,1.100000e+00,8.854876e-08,1.783597e-05,2.065032e-05,1.914302e-09,1.207774e-04,2.415549e-10
2.541250e-05,2.595600e-05,2.548850e-05,2.170490e-05,1.200000e+00,1.100000e+00,3.726544e-06,2.708012e-05,7.766507e-06,-1.854040e-10,1.186846e-04,2.373691e-10
2.541250e-05,2.595600e-05,2.548850e-05,2.213470e-05,1.200000e+00,1.100000e+00,3.726676e-06,2.707980e-05,7.766679e-06,-1.701905e-10,1.194271e-04,2.388543e-10
2.541250e-05,2.595600e-05,2.548850e-05,2.256450e-05,1.200000e+00,1.100000e+00,3.726723e-06,2.707952e-05,7.766769e-06,-1.899514e-11,1.204018e-04,2.408035e-10
2.541250e-05,2.595600e-05,2.548850e-05,2.299430e-05,1.200000e+00,1.100000e+00,3.726428e-06,2.707881e-05,7.766618e-06,1.131011e-09,1.216584e-04,2.433167e-10
2.541250e-05,2.595600e-05,2.548850e-05,2.342410e-05,1.200000e+00,1.100000e+00,3.725093e-06,2.707859e-05,7.765055e-06,4.283834e-09,1.232495e-04,2.464990e-10
2.541250e-05,2.595600e-05,2.495190e-05,2.170490e-05,1.200000e+00,1.100000e+00,9.405188e-06,2.911986e-05,4.684642e-08,-1.829497e-10,1.154278e-04,2.308557e-10
2.541250e-05,2.595600e-05,2.495190e-05,2.213470e-05,1.200000e+00,1.100000e+00,9.405321e-06,2.911974e-05,4.681859e-08,-1.688911e-10,1.162144e-04,2.324288e-10
2.541250e-05,2.595600e-05,2.495190e-05,2.256450e-05,1.200000e+00,1.100000e+00,9.405307e-06,2.911965e-05,4.675565e-08,2.779921e-12,1.172444e-04,2.344888e-10
2.541250e-05,2.595600e-05,2.495190e-05,2.299430e-05,1.200000e+00,1.100000e+00,9.405227e-06,2.911890e-05,4.622657e-08,1.367064e-09,1.185677e-04,2.371355e-10
2.541250e-05,2.595600e-05,2.495190e-05,2.342410e-05,1.200000e+00,1.100000e+00,9.403258e-06,2.911863e-05,4.498684e-08,4.901290e-09,1.202388e-04,2.404776e-10
2.541250e-05,2.595600e-05,2.441530e-05,2.170490e-05,1.200000e+00,1.100000e+00,9.427256e-06,2.912864e-05,1.605973e-08,-1.751515e-10,1.111356e-04,2.222711e-10
2.541250e-05,2.595600e-05,2.441530e-05,2.213470e-05,1.200000e+00,1.100000e+00,9.427387e-06,2.912853e-05,1.602546e-08,-1.588716e-10,1.119225e-04,2.238449e-10
2.541250e-05,2.595600e-05,2.441530e-05,2.256450e-05,1.200000e+00,1.100000e+00,9.427432e-06,2.912841e-05,1.592921e-08,1.890992e-11,1.129529e-04,2.259058e-10
2.541250e-05,2.595600e-05,2.441530e-05,2.299430e-05,1.200000e+00,1.100000e+00,9.427192e-06,2.912772e-05,1.542379e-08,1.445953e-09,1.142758e-04,2.285515e-10
2.541250e-05,2.595600e-05,2.441530e-05,2.342410e-05,1.200000e+00,1.100000e+00,9.425025e-06,2.912706e-05,1.438149e-08,5.331580e-09,1.159471e-04,2.318942e-10
2.541250e-05,2.645040e-05,2.656170e-05,2.170490e-05,1.200000e+00,1.100000e+00,2.018358e-08,1.713226e-05,2.143081e-05,-1.770486e-10,1.136741e-04,2.273482e-10
2.541250e-05,2.645040e-05,2.656170e-05,2.213470e-05,1.200000e+00,1.100000e+00,2.015125e-08,1.713219e-05,2.143102e-05,-1.775243e-10,1.141423e-04,2.282845e-10
2.541250e-05,2.645040e-05,2.656170e-05,2.256450e-05,1.200000e+00,1.100000e+00,2.011547e-08,1.713226e-05,2.143088e-05,-1.731154e-10,1.147633e-04,2.295267e-10
2.541250e-05,2.645040e-05,2.656170e-05,2.299430e-05,1.200000e+00,1.100000e+00,2.005730e-08,1.713235e-05,2.143082e-05,-1.488768e-10,1.155803e-04,2.311606e-10
2.541250e-05,2.645040e-05,2.656170e-05,2.342410e-05,1.200000e+00,1.100000e+00,1.994189e-08,1.713233e-05,2.143072e-05,8.721523e-11,1.166404e-04,2.332808e-10
2.541250e-05,2.645040e-05,2.602510e-05,2.170490e-05,1.200000e+00,1.100000e+00,3.133880e-08,2.701671e-05,1.153113e-05,-1.861464e-10,1.155249e-04,2.310498e-10
2.541250e-05,2.645040e-05,2.602510e-05,2.213470e-05,1.200000e+00,1.100000e+00,3.129671e-08,2.701652e-05,1.153136e-05,-1.845203e-10,1.160885e-04,2.321769e-10
2.541250e-05,2.645040e-05,2.602510e-05,2.256450e-05,1.200000e+00,1.100000e+00,3.126250e-08,2.701638e-05,1.153153e-05,-1.741648e-10,1.168341e-04,2.336683e-10
2.541250e-05,2.645040e-05,2.602510e-05,2.299430e-05,1.200000e+00,1.100000e+00,3.116997e-08,2.701645e-05,1.153144e-05,-6.618461e-11,1.178089e-04,2.356177e-10
2.541250e-05,2.645040e-05,2.602510e-05,2.342410e-05,1.200000e+00,1.100000e+00,3.085070e-08,2.701634e-05,1.153096e-05,8.407614e-10,1.190625e-04,2.381250e-10
2.541250e-05,2.645040e-05,2.548850e-05,2.170490e-05,1.200000e+00,1.100000e+00,1.425923e-06,3.353133e-05,3.616996e-06,-1.879973e-10,1.178553e-04,2.357106e-10
2.541250e-05,2.645040e-05,2.548850e-05,2.213470e-05,1.200000e+00,1.100000e+00,1.425877e-06,3.353141e-05,3.616997e-06,-1.748709e-10,1.185646e-04,2.371292e-10
2.541250e-05,2.645040e-05,2.548850e-05,2.256450e-05,1.200000e+00,1.100000e+00,1.425768e-06,3.353160e-05,3.616829e-06,-8.553538e-11,1.194980e-04,2.389960e-10
2.541250e-05,2.645040e-05,2.548850e-05,2.299430e-05,1.200000e+00,1.100000e+00,1.425500e-06,3.353129e-05,3.616644e-06,6.817000e-10,1.207043e-04,2.414085e-10
2.541250e-05,2.645040e-05,2.548850e-05,2.342410e-05,1.200000e+00,1.100000e+00,1.424369e-06,3.353111e-05,3.615195e-06,3.472851e-09,1.222358e-04,2.444716e-10
2.541250e-05,2.645040e-05,2.495190e-05,2.170490e-05,1.200000e+00,1.100000e+00,3.949986e-06,3.459860e-05,2.464502e-08,-1.829265e-10,1.143507e-04,2.287013e-10
2.541250e-05,2.645040e-05,2.495190e-05,2.213470e-05,1.200000e+00,1.100000e+00,3.949829e-06,3.459878e-05,2.461720e-08,-1.761985e-10,1.150947e-04,2.301893e-10
2.541250e-05,2.645040e-05,2.495190e-05,2.256450e-05,1.200000e+00,1.100000e+00,3.949983e-06,3.459860e-05,2.455004e-08,-8.032632e-11,1.160720e-04,2.321440e-10
2.541250e-05,2.645040e-05,2.495190e-05,2.299430e-05,1.200000e+00,1.100000e+00,3.949930e-06,3.459816e-05,2.418565e-08,7.795653e-10,1.173324e-04,2.346648e-10
2.541250e-05,2.645040e-05,2.495190e-05,2.342410e-05,1.200000e+00,1.100000e+00,3.948299e-06,3.459770e-05,2.316411e-08,3.913275e-09,1.189289e-04,2.378577e-10
2.541250e-05,2.645040e-05,2.441530e-05,2.170490e-05,1.200000e+00,1.100000e+00,3.958155e-06,3.460295e-05,1.217728e-08,-1.763101e-10,1.102297e-04,2.204594e-10
2.541250e-05,2.645040e-05,2.441530e-05,2.213470e-05,1.200000e+00,1.100000e+00,3.958313e-06,3.460282e-05,1.214910e-08,-1.685232e-10,1.109746e-04,2.219492e-10
2.541250e-05,2.645040e-05,2.441530e-05,2.256450e-05,1.200000e+00,1.100000e+00,3.958371e-06,3.460272e-05,1.209048e-08,-6.628689e-11,1.119522e-04,2.239044e-10
2.541250e-05,2.645040e-05,2.441530e-05,2.299430e-05,1.200000e+00,1.100000e+00,3.958437e-06,3.460202e-05,1.181270e-08,8.432485e-10,1.132122e-04,2.264243e-10
2.541250e-05,2.645040e-05,2.441530e-05,2.342410e-05,1.200000e+00,1.100000e+00,3.956708e-06,3.460130e-05,1.091347e-08,4.215030e-09,1.148084e-04,2.296169e-10
2.541250e-05,2.694480e-05,2.656170e-05,2.170490e-05,1.200000e+00,1.100000e+00,1.526659e-08,2.608164e-05,1.248876e-05,-1.837480e-10,1.126169e-04,2.252337e-10
2.541250e-05,2.694480e-05,2.656170e-05,2.213470e-05,1.200000e+00,1.100000e+00,1.524025e-08,2.608165e-05,1.248878e-05,-1.831610e-10,1.130376e-04,2.260751e-10
2.541250e-05,2.694480e-05,2.656170e-05,2.256450e-05,1.200000e+00,1.100000e+00,1.521079e-08,2.608170e-05,1.248876e-05,-1.813654e-10,1.135923e-04,2.271847e-10
2.541250e-05,2.694480e-05,2.656170e-05,2.299430e-05,1.200000e+00,1.100000e+00,1.517894e-08,2.608169e-05,1.248879e-05,-1.711580e-10,1.143244e-04,2.286487e-10
2.541250e-05,2.694480e-05,2.656170e-05,2.342410e-05,1.200000e+00,1.100000e+00,1.511590e-08,2.608168e-05,1.248875e-05,-7.101584e-11,1.152794e-04,2.305588e-10
2.541250e-05,2.694480e-05,2.602510e-05,2.170490e-05,1.200000e+00,1.100000e+00,2.049639e-08,3.303309e-05,5.526946e-06,-1.838819e-10,1.146072e-04,2.292145e-10
2.541250e-05,2.694480e-05,2.602510e-05,2.213470e-05,1.200000e+00,1.100000e+00,2.044750e-08,3.303298e-05,5.527103e-06,-1.826973e-10,1.151400e-04,2.302799e-10
2.541250e-05,2.694480e-05,2.602510e-05,2.256450e-05,1.200000e+00,1.100000e+00,2.040993e-08,3.303302e-05,5.527098e-06,-1.765851e-10,1.158453e-04,2.316907e-10
2.541250e-05,2.694480e-05,2.602510e-05,2.299430e-05,1.200000e+00,1.100000e+00,2.035064e-08,3.303295e-05,5.527159e-06,-1.116799e-10,1.167705e-04,2.335409e-10
2.541250e-05,2.694480e-05,2.602510e-05,2.342410e-05,1.200000e+00,1.100000e+00,2.018021e-08,3.303293e-05,5.526767e-06,4.708825e-10,1.179636e-04,2.359271e-10
2.541250e-05,2.694480e-05,2.548850e-05,2.170490e-05,1.200000e+00,1.100000e+00,2.923945e-07,3.739332e-05,8.899955e-07,-1.846486e-10,1.162473e-04,2.324945e-10
2.541250e-05,2.694480e-05,2.548850e-05,2.213470e-05,1.200000e+00,1.100000e+00,2.923398e-07,3.739345e-05,8.899172e-07,-1.816956e-10,1.169119e-04,2.338239e-10
2.541250e-05,2.694480e-05,2.548850e-05,2.256450e-05,1.200000e+00,1.100000e+00,2.923372e-07,3.739338e-05,8.899603e-07,-1.482708e-10,1.177893e-04,2.355786e-10
2.541250e-05,2.694480e-05,2.548850e-05,2.299430e-05,1.200000e+00,1.100000e+00,2.921911e-07,3.739332e-05,8.898236e-07,1.964048e-10,1.189275e-04,2.378551e-10
2.541250e-05,2.694480e-05,2.548850e-05,2.342410e-05,1.200000e+00,1.100000e+00,2.913171e-07,3.739351e-05,8.885590e-07,2.237173e-09,1.203779e-04,2.407559e-10
2.541250e-05,2.694480e-05,2.495190e-05,2.170490e-05,1.200000e+00,1.100000e+00,6.427357e-07,3.791657e-05,1.573967e-08,-1.832565e-10,1.123318e-04,2.246636e-10
2.541250e-05,2.694480e-05,2.495190e-05,2.213470e-05,1.200000e+00,1.100000e+00,6.427648e-07,3.791657e-05,1.570950e-08,-1.803643e-10,1.130176e-04,2.260353e-10
2.541250e-05,2.694480e-05,2.495190e-05,2.256450e-05,1.200000e+00,1.100000e+00,6.427718e-07,3.791657e-05,1.567029e-08,-1.488010e-10,1.139211e-04,2.278423e-10
2.541250e-05,2.694480e-05,2.495190e-05,2.299430e-05,1.200000e+00,1.100000e+00,6.427238e-07,3.791642e-05,1.553464e-08,1.992315e-10,1.150922e-04,2.301843e-10
2.541250e-05,2.694480e-05,2.495190e-05,2.342410e-05,1.200000e+00,1.100000e+00,6.415932e-07,3.791608e-05,1.482837e-08,2.389461e-09,1.165818e-04,2.331635e-10
2.541250e-05,2.694480e-05,2.441530e-05,2.170490e-05,1.200000e+00,1.100000e+00,6.463536e-07,3.791919e-05,9.525577e-09,-1.778867e-10,1.084589e-04,2.169179e-10
2.541250e-05,2.694480e-05,2.441530e-05,2.213470e-05,1.200000e+00,1.100000e+00,6.463297e-07,3.791923e-05,9.501632e-09,-1.749438e-10,1.091446e-04,2.182893e-10
2.541250e-05,2.694480e-05,2.441530e-05,2.256450e-05,1.200000e+00,1.100000e+00,6.463178e-07,3.791925e-05,9.469691e-09,-1.414354e-10,1.100483e-04,2.200967e-10
2.541250e-05,2.694480e-05,2.441530e-05,2.299430e-05,1.200000e+00,1.100000e+00,6.465119e-07,3.791879e-05,9.351151e-09,2.347784e-10,1.112193e-04,2.224387e-10
2.541250e-05,2.694480e-05,2.441530e-05,2.342410e-05,1.200000e+00,1.100000e+00,6.455145e-07,3.791812e-05,8.752055e-09,2.580429e-09,1.127092e-04,2.254184e-10
2.588750e-05,2.496720e-05,2.656170e-05,2.170490e-05,1.200000e+00,1.100000e+00,8.074503e-06,1.629438e-08,3.048739e-05,-1.769025e-10,1.123491e-04,2.246981e-10
2.588750e-05,2.496720e-05,2.656170e-05,2.213470e-05,1.200000e+00,1.100000e+00,8.074618e-06,1.626319e-08,3.048731e-05,-1.749892e-10,1.129401e-04,2.258803e-10
2.588750e-05,2.496720e-05,2.656170e-05,2.256450e-05,1.200000e+00,1.100000e+00,8.074704e-06,1.623650e-08,3.048723e-05,-1.594159e-10,1.137223e-04,2.274446e-10
2.588750e-05,2.496720e-05,2.656170e-05,2.299430e-05,1.200000e+00,1.100000e+00,8.074679e-06,1.616125e-08,3.048717e-05,3.947862e-12,1.147429e-04,2.294858e-10
2.588750e-05,2.496720e-05,2.656170e-05,2.342410e-05,1.200000e+00,1.100000e+00,8.073991e-06,1.567029e-08,3.048708e-05,1.276534e-09,1.160524e-04,2.321047e-10
2.588750e-05,2.496720e-05,2.602510e-05,2.170490e-05,1.200000e+00,1.100000e+00,1.649773e-05,2.315025e-08,2.205560e-05,-1.756856e-10,1.133345e-04,2.266691e-10
2.588750e-05,2.496720e-05,2.602510e-05,2.213470e-05,1.200000e+00,1.100000e+00,1.649767e-05,2.312176e-08,2.205568e-05,-1.722484e-10,1.139746e-04,2.279491e-10
2.588750e-05,2.496720e-05,2.602510e-05,2.256450e-05,1.200000e+00,1.100000e+00,1.649790e-05,2.308167e-08,2.205547e-05,-1.416901e-10,1.148213e-04,2.296426e-10
2.588750e-05,2.496720e-05,2.602510e-05,2.299430e-05,1.200000e+00,1.100000e+00,1.649776e-05,2.289191e-08,2.205546e-05,1.676407e-10,1.159187e-04,2.318374e-10
2.588750e-05,2.496720e-05,2.602510e-05,2.342410e-05,1.200000e+00,1.100000e+00,1.649677e-05,2.211411e-08,2.205514e-05,2.267109e-09,1.173213e-04,2.346426e-10
2.588750e-05,2.496720e-05,2.548850e-05,2.170490e-05,1.200000e+00,1.100000e+00,2.691172e-05,4.291574e-08,1.161780e-05,-1.847472e-10,1.153219e-04,2.306438e-10
2.588750e-05,2.496720e-05,2.548850e-05,2.213470e-05,1.200000e+00,1.100000e+00,2.691168e-05,4.288830e-08,1.161786e-05,-1.719480e-10,1.160895e-04,2.321790e-10
2.588750e-05,2.496720e-05,2.548850e-05,2.256450e-05,1.200000e+00,1.100000e+00,2.691163e-05,4.283905e-08,1.161782e-05,-3.230899e-11,1.170957e-04,2.341914e-10
2.588750e-05,2.496720e-05,2.548850e-05,2.299430e-05,1.200000e+00,1.100000e+00,2.691082e-05,4.240002e-08,1.161790e-05,1.136743e-09,1.183905e-04,2.367810e-10
2.588750e-05,2.496720e-05,2.548850e-05,2.342410e-05,1.200000e+00,1.100000e+00,2.691051e-05,4.111516e-08,1.161597e-05,4.723192e-09,1.200275e-04,2.400550e-10
2.588750e-05,2.496720e-05,2.495190e-05,2.170490e-05,1.200000e+00,1.100000e+00,3.327163e-05,2.892910e-06,2.403314e-06,-1.802477e-10,1.172493e-04,2.344987e-10
2.588750e-05,2.496720e-05,2.495190e-05,2.213470e-05,1.200000e+00,1.100000e+00,3.327119e-05,2.893120e-06,2.403492e-06,-7.511118e-11,1.181947e-04,2.363894e-10
2.588750e-05,2.496720e-05,2.495190e-05,2.256450e-05,1.200000e+00,1.100000e+00,3.327057e-05,2.893011e-06,2.403346e-06,7.991384e-10,1.194191e-04,2.388381e-10
2.588750e-05,2.496720e-05,2.495190e-05,2.299430e-05,1.200000e+00,1.100000e+00,3.327006e-05,2.891760e-06,2.402129e-06,3.801833e-09,1.209750e-04,2.419500e-10
2.588750e-05,2.496720e-05,2.495190e-05,2.342410e-05,1.200000e+00,1.100000e+00,3.326969e-05,2.890793e-06,2.401191e-06,6.072460e-09,1.229224e-04,2.458448e-10
2.588750e-05,2.496720e-05,2.441530e-05,2.170490e-05,1.200000e+00,1.100000e+00,3.386437e-05,4.681042e-06,2.195472e-08,-1.754797e-10,1.131097e-04,2.262194e-10
2.588750e-05,2.496720e-05,2.441530e-05,2.213470e-05,1.200000e+00,1.100000e+00,3.386401e-05,4.681391e-06,2.188812e-08,-8.806497e-11,1.140778e-04,2.281555e-10
2.588750e-05,2.496720e-05,2.441530e-05,2.256450e-05,1.200000e+00,1.100000e+00,3.386386e-05,4.681050e-06,2.153712e-08,7.481406e-10,1.153295e-04,2.306591e-10
2.588750e-05,2.496720e-05,2.441530e-05,2.299430e-05,1.200000e+00,1.100000e+00,3.386238e-05,4.680307e-06,2.044809e-08,4.074789e-09,1.169199e-04,2.338397e-10
2.588750e-05,2.496720e-05,2.441530e-05,2.342410e-05,1.200000e+00,1.100000e+00,3.386213e-05,4.678674e-06,1.980215e-08,6.655469e-09,1.189083e-04,2.378165e-10
2.588750e-05,2.546160e-05,2.656170e-05,2.170490e-05,1.200000e+00,1.100000e+00,8.048988e-06,5.047161e-08,3.047868e-05,-1.843245e-10,1.164102e-04,2.328204e-10
2.588750e-05,2.546160e-05,2.656170e-05,2.213470e-05,1.200000e+00,1.100000e+00,8.049212e-06,5.045015e-08,3.047848e-05,-1.824559e-10,1.170014e-04,2.340028e-10
2.588750e-05,2.546160e-05,2.656170e-05,2.256450e-05,1.200000e+00,1.100000e+00,8.049331e-06,5.040723e-08,3.047839e-05,-1.669499e-10,1.177834e-04,2.355668e-10
2.588750e-05,2.546160e-05,2.656170e-05,2.299430e-05,1.200000e+00,1.100000e+00,8.049268e-06,5.031278e-08,3.047838e-05,-6.242758e-12,1.188035e-04,2.376070e-10
2.588750e-05,2.546160e-05,2.656170e-05,2.342410e-05,1.200000e+00,1.100000e+00,8.048513e-06,4.989940e-08,3.047831e-05,1.234841e-09,1.201127e-04,2.402254e-10
2.588750e-05,2.546160e-05,2.602510e-05,2.170490e-05,1.200000e+00,1.100000e+00,1.636331e-05,2.455444e-07,2.196756e-05,-1.853721e-10,1.176053e-04,2.352106e-10
2.588750e-05,2.546160e-05,2.602510e-05,2.213470e-05,1.200000e+00,1.100000e+00,1.636335e-05,2.454787e-07,2.196759e-05,-1.816439e-10,1.182445e-04,2.364889e-10
2.588750e-05,2.546160e-05,2.602510e-05,2.256450e-05,1.200000e+00,1.100000e+00,1.636341e-05,2.454509e-07,2.196753e-05,-1.483331e-10,1.190885e-04,2.381771e-10
2.588750e-05,2.546160e-05,2.602510e-05,2.299430e-05,1.200000e+00,1.100000e+00,1.636337e-05,2.453784e-07,2.196731e-05,1.806946e-10,1.201856e-04,2.403712e-10
2.588750e-05,2.546160e-05,2.602510e-05,2.342410e-05,1.200000e+00,1.100000e+00,1.636251e-05,2.445759e-07,2.196693e-05,2.247311e-09,1.215870e-04,2.431740e-10
2.588750e-05,2.546160e-05,2.548850e-05,2.170490e-05,1.200000e+00,1.100000e+00,2.538765e-05,5.801356e-06,7.384242e-06,-1.851204e-10,1.189189e-04,2.378378e-10
2.588750e-05,2.546160e-05,2.548850e-05,2.213470e-05,1.200000e+00,1.100000e+00,2.538747e-05,5.801471e-06,7.384291e-06,-1.698857e-10,1.196590e-04,2.393179e-10
2.588750e-05,2.546160e-05,2.548850e-05,2.256450e-05,1.200000e+00,1.100000e+00,2.538711e-05,5.801569e-06,7.384404e-06,-1.804220e-11,1.206304e-04,2.412608e-10
2.588750e-05,2.546160e-05,2.548850e-05,2.299430e-05,1.200000e+00,1.100000e+00,2.538627e-05,5.801417e-06,7.384253e-06,1.131994e-09,1.218832e-04,2.437663e-10
2.588750e-05,2.546160e-05,2.548850e-05,2.342410e-05,1.200000e+00,1.100000e+00,2.538620e-05,5.799864e-06,7.382727e-06,4.305655e-09,1.234690e-04,2.469381e-10
2.588750e-05,2.546160e-05,2.495190e-05,2.170490e-05,1.200000e+00,1.100000e+00,2.735367e-05,1.117509e-05,4.342569e-08,-1.845041e-10,1.153203e-04,2.306407e-10
2.588750e-05,2.546160e-05,2.495190e-05,2.213470e-05,1.200000e+00,1.100000e+00,2.735382e-05,1.117494e-05,4.340049e-08,-1.705775e-10,1.160964e-04,2.321928e-10
2.588750e-05,2.546160e-05,2.495190e-05,2.256450e-05,1.200000e+00,1.100000e+00,2.735377e-05,1.117490e-05,4.334739e-08,-1.665246e-11,1.171138e-04,2.342275e-10
2.588750e-05,2.546160e-05,2.495190e-05,2.299430e-05,1.200000e+00,1.100000e+00,2.735293e-05,1.117496e-05,4.286868e-08,1.244881e-09,1.184220e-04,2.368440e-10
2.588750e-05,2.546160e-05,2.495190e-05,2.342410e-05,1.200000e+00,1.100000e+00,2.735263e-05,1.117299e-05,4.158970e-08,4.847482e-09,1.200749e-04,2.401498e-10
2.588750e-05,2.546160e-05,2.441530e-05,2.170490e-05,1.200000e+00,1.100000e+00,2.736229e-05,1.119363e-05,1.632570e-08,-1.752000e-10,1.110700e-04,2.221400e-10
2.588750e-05,2.546160e-05,2.441530e-05,2.213470e-05,1.200000e+00,1.100000e+00,2.736238e-05,1.119356e-05,1.629363e-08,-1.604389e-10,1.118459e-04,2.236918e-10
2.588750e-05,2.546160e-05,2.441530e-05,2.256450e-05,1.200000e+00,1.100000e+00,2.736224e-05,1.119363e-05,1.620436e-08,1.454446e-12,1.128637e-04,2.257273e-10
2.588750e-05,2.546160e-05,2.441530e-05,2.299430e-05,1.200000e+00,1.100000e+00,2.736180e-05,1.119322e-05,1.571819e-08,1.332020e-09,1.141719e-04,2.283438e-10
2.588750e-05,2.546160e-05,2.441530e-05,2.342410e-05,1.200000e+00,1.100000e+00,2.736105e-05,1.119111e-05,1.464330e-08,5.280965e-09,1.158245e-04,2.316490e-10
2.588750e-05,2.595600e-05,2.656170e-05,2.170490e-05,1.200000e+00,1.100000e+00,3.231465e-06,6.475519e-06,2.887233e-05,-1.868512e-10,1.194552e-04,2.389104e-10
2.588750e-05,2.595600e-05,2.656170e-05,2.213470e-05,1.200000e+00,1.100000e+00,3.231498e-06,6.475571e-06,2.887224e-05,-1.828220e-10,1.200149e-04,2.400297e-10
2.588750e-05,2.595600e-05,2.656170e-05,2.256450e-05,1.200000e+00,1.100000e+00,3.231640e-06,6.475518e-06,2.887214e-05,-1.691778e-10,1.207562e-04,2.415123e-10
2.588750e-05,2.595600e-05,2.656170e-05,2.299430e-05,1.200000e+00,1.100000e+00,3.231538e-06,6.475499e-06,2.887211e-05,-2.167768e-11,1.217259e-04,2.434518e-10
2.588750e-05,2.595600e-05,2.656170e-05,2.342410e-05,1.200000e+00,1.100000e+00,3.230950e-06,6.474882e-06,2.887232e-05,1.058143e-09,1.229737e-04,2.459474e-10
2.588750e-05,2.595600e-05,2.602510e-05,2.170490e-05,1.200000e+00,1.100000e+00,8.639406e-06,1.305894e-05,1.687966e-05,-1.843383e-10,1.200241e-04,2.400483e-10
2.588750e-05,2.595600e-05,2.602510e-05,2.213470e-05,1.200000e+00,1.100000e+00,8.639417e-06,1.305896e-05,1.687963e-05,-1.812941e-10,1.206185e-04,2.412370e-10
2.588750e-05,2.595600e-05,2.602510e-05,2.256450e-05,1.200000e+00,1.100000e+00,8.639562e-06,1.305895e-05,1.687947e-05,-1.566393e-10,1.214048e-04,2.428095e-10
2.588750e-05,2.595600e-05,2.602510e-05,2.299430e-05,1.200000e+00,1.100000e+00,8.639473e-06,1.305890e-05,1.687935e-05,9.210958e-11,1.224308e-04,2.448616e-10
2.588750e-05,2.595600e-05,2.602510e-05,2.342410e-05,1.200000e+00,1.100000e+00,8.638767e-06,1.305837e-05,1.687899e-05,1.704082e-09,1.237460e-04,2.474919e-10
2.588750e-05,2.595600e-05,2.548850e-05,2.170490e-05,1.200000e+00,1.100000e+00,1.761089e-05,2.046467e-05,5.005491e-07,-1.845244e-10,1.180500e-04,2.361001e-10
2.588750e-05,2.595600e-05,2.548850e-05,2.213470e-05,1.200000e+00,1.100000e+00,1.761096e-05,2.046462e-05,5.005405e-07,-1.804059e-10,1.186987e-04,2.373974e-10
2.588750e-05,2.595600e-05,2.548850e-05,2.256450e-05,1.200000e+00,1.100000e+00,1.761098e-05,2.046457e-05,5.005264e-07,-1.408073e-10,1.195548e-04,2.391096e-10
2.588750e-05,2.595600e-05,2.548850e-05,2.299430e-05,1.200000e+00,1.100000e+00,1.761088e-05,2.046437e-05,5.004457e-07,2.422661e-10,1.206667e-04,2.413333e-10
2.588750e-05,2.595600e-05,2.548850e-05,2.342410e-05,1.200000e+00,1.100000e+00,1.761007e-05,2.046384e-05,4.995413e-07,2.493665e-09,1.220858e-04,2.441715e-10
2.588750e-05,2.595600e-05,2.495190e-05,2.170490e-05,1.200000e+00,1.100000e+00,1.787576e-05,2.067667e-05,2.377996e-08,-1.799392e-10,1.133910e-04,2.267820e-10
2.588750e-05,2.595600e-05,2.495190e-05,2.213470e-05,1.200000e+00,1.100000e+00,1.787576e-05,2.067659e-05,2.375824e-08,-1.742721e-10,1.140425e-04,2.280850e-10
2.588750e-05,2.595600e-05,2.495190e-05,2.256450e-05,1.200000e+00,1.100000e+00,1.787582e-05,2.067654e-05,2.371726e-08,-1.389198e-10,1.149016e-04,2.298032e-10
2.588750e-05,2.595600e-05,2.495190e-05,2.299430e-05,1.200000e+00,1.100000e+00,1.787576e-05,2.067641e-05,2.355638e-08,2.152708e-10,1.160172e-04,2.320343e-10
2.588750e-05,2.595600e-05,2.495190e-05,2.342410e-05,1.200000e+00,1.100000e+00,1.787483e-05,2.067592e-05,2.268307e-08,2.502953e-09,1.174381e-04,2.348761e-10
2.588750e-05,2.595600e-05,2.441530e-05,2.170490e-05,1.200000e+00,1.100000e+00,1.788140e-05,2.068176e-05,1.300459e-08,-1.840328e-10,1.096738e-04,2.193476e-10
2.588750e-05,2.595600e-05,2.441530e-05,2.213470e-05,1.200000e+00,1.100000e+00,1.788142e-05,2.068177e-05,1.297809e-08,-1.799633e-10,1.103245e-04,2.206490e-10
2.588750e-05,2.595600e-05,2.441530e-05,2.256450e-05,1.200000e+00,1.100000e+00,1.788144e-05,2.068175e-05,1.293963e-08,-1.386851e-10,1.111837e-04,2.223675e-10
2.588750e-05,2.595600e-05,2.441530e-05,2.299430e-05,1.200000e+00,1.100000e+00,1.788119e-05,2.068165e-05,1.278848e-08,2.484050e-10,1.122990e-04,2.245980e-10
2.588750e-05,2.595600e-05,2.441530e-05,2.342410e-05,1.200000e+00,1.100000e+00,1.788036e-05,2.068067e-05,1.210471e-08,2.731124e-09,1.137206e-04,2.274413e-10
2.588750e-05,2.645040e-05,2.656170e-05,2.170490e-05,1.200000e+00,1.100000e+00,7.074270e-08,1.710337e-05,2.140918e-05,-1.798211e-10,1.176553e-04,2.353107e-10
2.588750e-05,2.645040e-05,2.656170e-05,2.213470e-05,1.200000e+00,1.100000e+00,7.068269e-08,1.710338e-05,2.140919e-05,-1.844939e-10,1.181239e-04,2.362478e-10
2.588750e-05,2.645040e-05,2.656170e-05,2.256450e-05,1.200000e+00,1.100000e+00,7.079652e-08,1.710332e-05,2.140914e-05,-1.797526e-10,1.187441e-04,2.374883e-10
2.588750e-05,2.645040e-05,2.656170e-05,2.299430e-05,1.200000e+00,1.100000e+00,7.077267e-08,1.710332e-05,2.140915e-05,-1.554407e-10,1.195609e-04,2.391219e-10
2.588750e-05,2.645040e-05,2.656170e-05,2.342410e-05,1.200000e+00,1.100000e+00,7.070676e-08,1.710317e-05,2.140912e-05,8.239920e-11,1.206212e-04,2.412425e-10
2.588750e-05,2.645040e-05,2.602510e-05,2.170490e-05,1.200000e+00,1.100000e+00,2.602351e-06,2.637446e-05,9.602716e-06,-1.874013e-10,1.195306e-04,2.390613e-10
2.588750e-05,2.645040e-05,2.602510e-05,2.213470e-05,1.200000e+00,1.100000e+00,2.602381e-06,2.637440e-05,9.602749e-06,-1.854357e-10,1.200843e-04,2.401686e-10
2.588750e-05,2.645040e-05,2.602510e-05,2.256450e-05,1.200000e+00,1.100000e+00,2.602406e-06,2.637440e-05,9.602716e-06,-1.713467e-10,1.208178e-04,2.416355e-10
2.588750e-05,2.645040e-05,2.602510e-05,2.299430e-05,1.200000e+00,1.100000e+00,2.602267e-06,2.637437e-05,9.602749e-06,-3.766692e-11,1.217778e-04,2.435555e-10
2.588750e-05,2.645040e-05,2.602510e-05,2.342410e-05,1.200000e+00,1.100000e+00,2.601651e-06,2.637483e-05,9.601976e-06,9.687396e-10,1.230134e-04,2.460268e-10
2.588750e-05,2.645040e-05,2.548850e-05,2.170490e-05,1.200000e+00,1.100000e+00,9.439908e-06,2.905718e-05,8.076496e-08,-1.854397e-10,1.168742e-04,2.337484e-10
2.588750e-05,2.645040e-05,2.548850e-05,2.213470e-05,1.200000e+00,1.100000e+00,9.440142e-06,2.905698e-05,8.073146e-08,-1.831455e-10,1.174726e-04,2.349451e-10
2.588750e-05,2.645040e-05,2.548850e-05,2.256450e-05,1.200000e+00,1.100000e+00,9.440215e-06,2.905694e-05,8.068681e-08,-1.652118e-10,1.182643e-04,2.365286e-10
2.588750e-05,2.645040e-05,2.548850e-05,2.299430e-05,1.200000e+00,1.100000e+00,9.440029e-06,2.905706e-05,8.056145e-08,2.023342e-11,1.192960e-04,2.385919e-10
2.588750e-05,2.645040e-05,2.548850e-05,2.342410e-05,1.200000e+00,1.100000e+00,9.439325e-06,2.905685e-05,8.011826e-08,1.394728e-09,1.206195e-04,2.412390e-10
2.588750e-05,2.645040e-05,2.495190e-05,2.170490e-05,1.200000e+00,1.100000e+00,9.487490e-06,2.907329e-05,1.712895e-08,-1.775057e-10,1.124169e-04,2.248338e-10
2.588750e-05,2.645040e-05,2.495190e-05,2.213470e-05,1.200000e+00,1.100000e+00,9.487559e-06,2.907325e-05,1.710065e-08,-1.754156e-10,1.130154e-04,2.260309e-10
2.588750e-05,2.645040e-05,2.495190e-05,2.256450e-05,1.200000e+00,1.100000e+00,9.487742e-06,2.907308e-05,1.706475e-08,-1.575459e-10,1.138076e-04,2.276151e-10
2.588750e-05,2.645040e-05,2.495190e-05,2.299430e-05,1.200000e+00,1.100000e+00,9.487799e-06,2.907293e-05,1.697843e-08,2.549031e-11,1.148402e-04,2.296804e-10
2.588750e-05,2.645040e-05,2.495190e-05,2.342410e-05,1.200000e+00,1.100000e+00,9.486809e-06,2.907304e-05,1.646514e-08,1.423910e-09,1.161642e-04,2.323284e-10
2.588750e-05,2.645040e-05,2.441530e-05,2.170490e-05,1.200000e+00,1.100000e+00,9.491284e-06,2.907605e-05,1.048168e-08,-1.864469e-10,1.089292e-04,2.178585e-10
2.588750e-05,2.645040e-05,2.441530e-05,2.213470e-05,1.200000e+00,1.100000e+00,9.491199e-06,2.907615e-05,1.045870e-08,-1.838346e-10,1.095279e-04,2.190557e-10
2.588750e-05,2.645040e-05,2.441530e-05,2.256450e-05,1.200000e+00,1.100000e+00,9.491262e-06,2.907610e-05,1.042952e-08,-1.634422e-10,1.103200e-04,2.206400e-10
2.588750e-05,2.645040e-05,2.441530e-05,2.299430e-05,1.200000e+00,1.100000e+00,9.491360e-06,2.907588e-05,1.034874e-08,4.298896e-11,1.113519e-04,2.227039e-10
2.588750e-05,2.645040e-05,2.441530e-05,2.342410e-05,1.200000e+00,1.100000e+00,9.491443e-06,2.907468e-05,9.928949e-09,1.575081e-09,1.126759e-04,2.253518e-10
2.588750e-05,2.694480e-05,2.656170e-05,2.170490e-05,1.200000e+00,1.100000e+00,2.880509e-08,2.607678e-05,1.248011e-05,-1.826098e-10,1.162869e-04,2.325739e-10
2.588750e-05,2.694480e-05,2.656170e-05,2.213470e-05,1.200000e+00,1.100000e+00,2.885936e-08,2.607682e-05,1.247998e-05,-1.853672e-10,1.167077e-04,2.334153e-10
2.588750e-05,2.694480e-05,2.656170e-05,2.256450e-05,1.200000e+00,1.100000e+00,2.881593e-08,2.607680e-05,1.248005e-05,-1.837685e-10,1.172625e-04,2.345251e-10
2.588750e-05,2.694480e-05,2.656170e-05,2.299430e-05,1.200000e+00,1.100000e+00,2.877910e-08,2.607671e-05,1.248017e-05,-1.742802e-10,1.179945e-04,2.359890e-10
2.588750e-05,2.694480e-05,2.656170e-05,2.342410e-05,1.200000e+00,1.100000e+00,2.870181e-08,2.607667e-05,1.248019e-05,-8.135948e-11,1.189488e-04,2.378977e-10
2.588750e-05,2.694480e-05,2.602510e-05,2.170490e-05,1.200000e+00,1.100000e+00,9.123082e-07,3.284756e-05,4.820801e-06,-1.871675e-10,1.187229e-04,2.374458e-10
2.588750e-05,2.694480e-05,2.602510e-05,2.213470e-05,1.200000e+00,1.100000e+00,9.122486e-07,3.284793e-05,4.820546e-06,-1.864877e-10,1.192512e-04,2.385023e-10
2.588750e-05,2.694480e-05,2.602510e-05,2.256450e-05,1.200000e+00,1.100000e+00,9.122465e-07,3.284784e-05,4.820640e-06,-1.769884e-10,1.199512e-04,2.399025e-10
2.588750e-05,2.694480e-05,2.602510e-05,2.299430e-05,1.200000e+00,1.100000e+00,9.121012e-07,3.284812e-05,4.820426e-06,-9.554660e-11,1.208696e-04,2.417392e-10
2.588750e-05,2.694480e-05,2.602510e-05,2.342410e-05,1.200000e+00,1.100000e+00,9.118671e-07,3.284777e-05,4.820354e-06,5.742263e-10,1.220544e-04,2.441087e-10
2.588750e-05,2.694480e-05,2.548850e-05,2.170490e-05,1.200000e+00,1.100000e+00,4.153940e-06,3.439283e-05,3.236660e-08,-1.857952e-10,1.158416e-04,2.316833e-10
2.588750e-05,2.694480e-05,2.548850e-05,2.213470e-05,1.200000e+00,1.100000e+00,4.154074e-06,3.439275e-05,3.231218e-08,-1.843375e-10,1.164089e-04,2.328177e-10
2.588750e-05,2.694480e-05,2.548850e-05,2.256450e-05,1.200000e+00,1.100000e+00,4.154017e-06,3.439283e-05,3.228037e-08,-1.762390e-10,1.171594e-04,2.343189e-10
2.588750e-05,2.694480e-05,2.548850e-05,2.299430e-05,1.200000e+00,1.100000e+00,4.154042e-06,3.439277e-05,3.221209e-08,-7.031925e-11,1.181413e-04,2.362826e-10
2.588750e-05,2.694480e-05,2.548850e-05,2.342410e-05,1.200000e+00,1.100000e+00,4.153163e-06,3.439299e-05,3.199516e-08,8.157311e-10,1.194036e-04,2.388072e-10
2.588750e-05,2.694480e-05,2.495190e-05,2.170490e-05,1.200000e+00,1.100000e+00,4.167920e-06,3.439843e-05,1.284342e-08,-1.793846e-10,1.115521e-04,2.231042e-10
2.588750e-05,2.694480e-05,2.495190e-05,2.213470e-05,1.200000e+00,1.100000e+00,4.168092e-06,3.439829e-05,1.281674e-08,-1.778684e-10,1.121193e-04,2.242387e-10
2.588750e-05,2.694480e-05,2.495190e-05,2.256450e-05,1.200000e+00,1.100000e+00,4.168214e-06,3.439819e-05,1.278666e-08,-1.675684e-10,1.128704e-04,2.257408e-10
2.588750e-05,2.694480e-05,2.495190e-05,2.299430e-05,1.200000e+00,1.100000e+00,4.168213e-06,3.439814e-05,1.272775e-08,-5.891689e-11,1.138521e-04,2.277041e-10
2.588750e-05,2.694480e-05,2.495190e-05,2.342410e-05,1.200000e+00,1.100000e+00,4.167687e-06,3.439806e-05,1.243011e-08,8.533643e-10,1.151145e-04,2.302290e-10
2.588750e-05,2.694480e-05,2.441530e-05,2.170490e-05,1.200000e+00,1.100000e+00,4.170583e-06,3.440002e-05,8.574395e-09,-1.794559e-10,1.082048e-04,2.164097e-10
2.588750e-05,2.694480e-05,2.441530e-05,2.213470e-05,1.200000e+00,1.100000e+00,4.170551e-06,3.440007e-05,8.553578e-09,-1.777633e-10,1.087720e-04,2.175440e-10
2.588750e-05,2.694480e-05,2.441530e-05,2.256450e-05,1.200000e+00,1.100000e+00,4.170553e-06,3.440008e-05,8.529814e-09,-1.658331e-10,1.095231e-04,2.190463e-10
2.588750e-05,2.694480e-05,2.441530e-05,2.299430e-05,1.200000e+00,1.100000e+00,4.170931e-06,3.439962e-05,8.484668e-09,-4.307472e-11,1.105053e-04,2.210105e-10
2.588750e-05,2.694480e-05,2.441530e-05,2.342410e-05,1.200000e+00,1.100000e+00,4.170745e-06,3.439909e-05,8.201557e-09,9.622227e-10,1.117677e-04,2.235354e-10
